연번,사업장명,주소,위도,경도,데이터기준일자
1,하남공단종합상사,광주광역시 광산구 하남산단4번로 172 (장덕동 992-11),35.19069892,126.8090153,2024-04-30
2,알리바이(24시편의점),"광주광역시 광산구 왕버들로 11, 가동 101호 (장덕동 505-86)",35.20258699,126.8119257,2024-04-30
3,주)에스엠마트남동,"광주광역시 광산구 장덕로95번길 46 (장덕동 1102, 수완자이아파트 정문)",35.19763503,126.8198529,2024-04-30
4,씨유하남8번로점,"광주광역시 광산구 하남산단천변우로 28, 1층 (도천동 622-2)",35.20865807,126.8134568,2024-04-30
5,미니스톱하남도천점,광주광역시 광산구 하남산단8번로 169 기업은행 옆,35.20914148,126.8142289,2024-04-30
6,에이젯시스템,광주광역시 광산구 사암로 860-10 (도천동 32-12),35.21629857,126.8247543,2024-04-30
7,S마트,광주광역시 광산구 비아중앙로 24 (비아동 66-23),35.22104063,126.8249853,2024-04-30
8,지에스25 비아일신점,광주광역시 광산구 비아중앙로 29-1 (비아동 89-20),35.22161966,126.8246139,2024-04-30
9,비아농협,광주광역시 광산구 비아중앙로 36 (비아동 86-1),35.22206769,126.8250274,2024-04-30
10,미니스톱,광주광역시 광산구 비아로12번길 10 비아119센터 앞 (비아동 707-1),35.22076156,126.8236125,2024-04-30
11,Y영암마트 중흥점,광주광역시 광산구 비아로62번길 7 (도천동627-1(중흥아파트상가)),35.21984328,126.8178367,2024-04-30
12,코코마트,광주광역시 광산구 수등로258번길 3-11 (신가동 1017-13),35.18482995,126.8384478,2024-04-30
13,홈마트비아점,광주광역시 광산구 비아안길 70-17 (비아동 715-6(비아중흥108동 앞)),35.22025999,126.8203186,2024-04-30
14,영암마트(첨단호반점),"광주광역시 광산구 월계로 59 (월계동 763-6, 호반2차@ 상가 107호)",35.21276028,126.8323661,2024-04-30
15,GS25월계원룸,"광주광역시 광산구 월계로34번길 20 (월계동 787-2, (성광교회옆길)->150m)",35.21008443,126.8338633,2024-04-30
16,마트1004,"광주광역시 광산구 첨단내촌로11번길 16-1 (월계동 799-5, 1층)",35.20889867,126.8356881,2024-04-30
17,OK마트,광주광역시 광산구 첨단내촌로35번길 16-1 (월계동 807-7),35.2101707,126.8361226,2024-04-30
18,지에스25 월계크라운점,광주광역시 광산구 첨단내촌로 71(월계동 772-8),35.21289643,126.8362161,2024-04-30
19,세븐일레븐,"광주광역시 광산구 첨단내촌로 59, 마운틴마트-->첨단중 70m",35.2120252,126.836895,2024-04-30
20,GS25 첨단원룸점,"광주광역시 광산구 첨단내촌로11번길 8-16 (월계동 797-1, 1층)",35.20896795,126.836665,2024-04-30
21,월드할인마트,"광주광역시 광산구 첨단중앙로67번길 78 (월계동 833-14, 산월초 뒷편4거리)",35.21157802,126.8384972,2024-04-30
22,DC마트,"광주광역시 광산구 월계로150번길 30, (월계동 826-11, 응암공원 좌측뒷편)",35.21194301,126.8416585,2024-04-30
23,세븐일레븐장고분점,광주광역시 광산구 첨단내촌로70번길 102 (월계동 827-1),35.21305881,126.8419488,2024-04-30
24,남양마트,"광주광역시 광산구 월계로 137 (월계동 765-6, 남양아파트 정문 옆)",35.21363222,126.8408971,2024-04-30
25,GS25광주산월점,"광주광역시 광산구 월계로130번길 33 (월계동 821-10, 1층)",35.21196964,126.8397044,2024-04-30
26,FM마트(첨단점),광주광역시 광산구 월계로 117-32 (월계동 765-9),35.21587824,126.8409252,2024-04-30
27,롯데쇼핑(주)롯데마트첨단,광주광역시 광산구 첨단강변로99번길 22 (쌍암동 694-3),35.21677488,126.8519173,2024-04-30
28,세븐일레븐,광주광역시 광산구 첨단중앙로152번길 11 (쌍암동 659-6),35.21914148,126.8427831,2024-04-30
29,CU첨단일등점,광주광역시 광산구 첨단중앙로152번길 21 (쌍암동 660-6),35.21914341,126.8434329,2024-04-30
30,세븐일레븐 광주월계제일점,"광주광역시 광산구 첨단중앙로124번길 65 (월계동 873-10, 첨단2동 진입로)",35.21665804,126.8457605,2024-04-30
31,마운틴마트엘씨타워점,"광주광역시 광산구 월계로 169 (월계동 890-4, 신양빌딩 101호 (첨단부영1차 앞))",35.21366804,126.8440447,2024-04-30
32,부영마트(수완지구),광주광역시 광산구 장덕동 1309(장덕부영1차상가),35.19327163,126.8114773,2024-04-30
33,세븐일레븐 광주수완진흥점,"광주광역시 광산구 장덕로6번길 35 (장덕동 1306, 진흥더루벤스상가)",35.19632734,126.8110946,2024-04-30
34,세븐일레븐 광주쌍암제일점,"광주광역시 광산구 첨단중앙로170번길 12(쌍암동, 1층)",35.22052178,126.8424129,2024-04-30
35,비타민마트,광주광역시 광산구 비아로 177-3 (비아동 114-4),35.22344744,126.8234508,2024-04-30
36,cu하남공구상가점,광주광역시 광산구 장덕동 992-9,35.18923531,126.8090222,2024-04-30
37,에프엠마트 수완,광주광역시 광산구 풍영로200번길 1 (장덕동 1603),35.18938583,126.8144694,2024-04-30
38,씨에쓰디주식회사,광주광역시 광산구 풍영로329번길 19(장덕동),35.20036283,126.8130994,2024-04-30
39,월광식자재,광주광역시 광산구 첨단중앙로116번길 35 (월계동 877-11),35.21601148,126.8448967,2024-04-30
40,올리브마트,"광주광역시 광산구 첨단내촌로70번길 55 (월계동 769-4, 101호)",35.21337813,126.8393251,2024-04-30
41,CU첨단중앙점,광주광역시 광산구 첨단강변로99번길 46 (쌍암동 694-48),35.21575365,126.8500905,2024-04-30
42,에스엠마트남동,광주광역시 광산구 장덕로95번길 46 (장덕동 1102),35.19763503,126.8198529,2024-04-30
43,유한회사 고기왕,"광주광역시 광산구 첨단중앙로181번길 5, (월계동 758-4)",35.22101931,126.8408202,2024-04-30
44,지에스(GS)25 첨단월계점,광주광역시 광산구 첨단중앙로67번길 8-2 (월계동 829-8),35.2115612,126.8424253,2024-04-30
45,마켓 진달래,광주광역시 광산구 선운로 18 (선암동 738),35.14864262,126.7714267,2024-04-30
46,ALL마켓,광주광역시 광산구 풍영로 294-23 (장덕동 1111),35.19892811,126.8170261,2024-04-30
47,미니스톱첨단숭덕2점,광주광역시 광산구 월계로118번길 10 (월계동 816-2),35.21310801,126.8382583,2024-04-30
48,한우목장마트,광주광역시 광산구 산월로 80 (산월동 886-2 부영7차아파트 상가 104호),35.20700942,126.8465969,2024-04-30
49,슈퍼데이마트첨단점,광주광역시 광산구 산월로 80 (산월동 886-2 부영7차 상가 103호),35.20700942,126.8465969,2024-04-30
50,알리바이수완편의점,광주광역시 광산구 풍영로229번안길 2-10 (장덕동 1330),35.19302776,126.8141862,2024-04-30
51,씨유수완드림점,"광주광역시 광산구 수완로50번길 11(수완동, 1층)",35.18963398,126.8295018,2024-04-30
52,씨유 장덕영신점,광주광역시 광산구 장신로20번길 14-2 (장덕동 1532),35.18975401,126.812235,2024-04-30
53,세븐일레븐 안청점,광주광역시 광산구 임곡로 653 (안청동 443-1),35.2168437,126.801782,2024-04-30
54,세븐일레븐 광주첨단두경점,"광주광역시 광산구 첨단중앙로152번길 31, 1층 101호 (쌍암동 667-1)",35.21932684,126.8442797,2024-04-30
55,세븐일레븐테크노파크,광주광역시 북구 첨단벤처로108번길 39 (월출동 978-9),35.23080758,126.8632147,2024-04-30
56,주)찬해영암마트,광주광역시 광산구 첨단중앙로181번길 48 (월계동 756-10),35.22002133,126.8362829,2024-04-30
57,CU비아안길점,"광주광역시 광산구 비아안길 59 (비아동 694-5, 1층)",35.22108824,126.8193505,2024-04-30
58,더원마트,광주광역시 광산구 비아로62번길 12 (도천동 628-1),35.21987458,126.8194148,2024-04-30
59,씨유광주진곡산단점,광주광역시 광산구 진곡산단2번로 47-59 (오선동 648),35.20022609,126.7906229,2024-04-30
60,지마트비아점,광주광역시 광산구 비아로 47 (도천동 77-26),35.21936682,126.8196358,2024-04-30
61,와이마트하남드림점,"광주광역시 광산구 목련로 41, (산정동 1056, 상가동 101)",35.17518674,126.8021355,2024-04-30
62,주)에프엠마트수완,"광주광역시 광산구 장덕로95번길 16 (장덕동 1105, 207동 109호)",35.19604125,126.8202734,2024-04-30
63,월드마트,광주광역시 광산구 수완로50번길 42-2 (수완동 1710),35.18906698,126.8307499,2024-04-30
64,에프엠마트,광주광역시 광산구 목련로 67 (산정동 940-3),35.17253371,126.8052058,2024-04-30
65,자연속에마켓,광주광역시 광산구 풍영로330번길 15(장덕동),35.20204144,126.8157011,2024-04-30
66,플러스마트,"광주광역시 광산구 산월로 15 (월계동 843-6, 1층)",35.20899803,126.8389953,2024-04-30
67,우리동네마트,광주광역시 광산구 월계로150번길 30 (월계동 826-11),35.21194301,126.8416585,2024-04-30
68,미니스톱 수완고실점,"광주광역시 광산구 풍영로330번길 15, 상가동 101-2호(장덕동 1098)",35.20204144,126.8157011,2024-04-30
69,빅슈퍼마켓,"광주광역시 광산구 풍영로229번길 49 (장덕동 1422, 1층)",35.19200368,126.8113493,2024-04-30
70,위드미광산진곡산단점,광주광역시 광산구 진곡산단2번로 58-5(오선동),35.19987447,126.7915591,2024-04-30
71,위드미 수완장덕점,"광주광역시 광산구 풍영로169번길 16, 101동 107~108호(장덕동,숲안애)",35.1867635,126.8135774,2024-04-30
72,지에스25 하남삼성점,"광주광역시 광산구 하남산단6번로 80, 상가동 1층 105호(오선동 273-2)",35.20211408,126.8038184,2024-04-30
73,세븐 광주첨단한양점,"광주광역시 광산구 월계로 223-17, (쌍암동 694-115, 302동 101호)",35.21490126,126.8495917,2024-04-30
74,미니스톱 광산비아점,"광주광역시 광산구 비아로 12 (비아동 707-11, 1층 1호)",35.22045748,126.8236321,2024-04-30
75,(유)다함께,광주광역시 광산구 용아로379번길 30(하남동),35.17706333,126.8025041,2024-04-30
76,코스코마트,광주광역시 광산구 첨단내촌로35번길 1 (월계동 804-2),35.20995954,126.8370704,2024-04-30
77,세븐일레븐 광주 월계중앙점,광주광역시 광산구 첨단중앙로106번길 23(월계동),35.21502137,126.8443542,2024-04-30
78,FM마트,"광주광역시 광산구 신창로 8-20, 1층(신가동 994-1)",35.18580503,126.8391897,2024-04-30
79,햇살마트(SM),"광주광역시 광산구 첨단중앙로181번길 104 (월계동 755-5, 건영@ 1014-104)",35.21874626,126.8289042,2024-04-30
80,세븐일레븐첨단메가점,"광주광역시 광산구 앰코로 25 (쌍암동 689-8, 104호)",35.22038262,126.8525786,2024-04-30
81,씨유 광주고룡점,광주광역시 광산구 진곡산단중앙로 250 (고룡동 1021),35.21039848,126.7803007,2024-04-30
82,씨유 월계원룸점,광주광역시 광산구 첨단내촌로 53-20 (월계동 809-7),35.21115124,126.8360865,2024-04-30
83,세븐일레븐광주진곡점,광주광역시 광산구 진곡산단5번로 43-12 (진곡동 520),35.209153,126.7829567,2024-04-30
84,에브리마켓 주식회사,광주광역시 광산구 진곡산단2번로 87 (오선동 623),35.20184501,126.7895822,2024-04-30
85,이마트24 장덕대방점,"광주광역시 광산구 장신로50번길 4, 1층 105호(장덕동)",35.1905613,126.8154235,2024-04-30
86,지에스25 광주여대타운점,"광주광역시 광산구 여대길 290, 상가동 112~114호(산정동 1140)",35.16683508,126.7945206,2024-04-30
87,리빙플러스,광주광역시 광산구 목련로 75 (산정동 941-3),35.17245755,126.8061094,2024-04-30
88,씨유 광주신창점,광주광역시 광산구 신창로48번길 35 (신창동 1201-5),35.18971589,126.8390351,2024-04-30
89,미니스톱 쌍암점,"광주광역시 광산구 첨단중앙로170번길 41 (쌍암동 664-4, 1층 103호)",35.22084192,126.8441366,2024-04-30
90,주식회사와이마트수완,광주광역시 광산구 임방울대로215번길 8 (신가동 1287),35.18080496,126.8170346,2024-04-30
91,에스엠마트 첨단점,"광주광역시 광산구 첨단중앙로68번길 99 (산월동 883-1, 호반리젠시빌상가 120)",35.21248237,126.8487728,2024-04-30
92,씨유 첨단천사,"광주광역시 광산구 첨단내촌로11번길 16-1 (월계동 799-5, 1층)",35.20889867,126.8356881,2024-04-30
93,데이앤데이수완점,"광주광역시 광산구 수완로 67, 1층일부(후면소쪽부)(수완동)",35.19130642,126.8285254,2024-04-30
94,지에스25 첨단도휘점,"광주광역시 광산구 월계로 223-20, 1층 110호 (쌍암동 694-70, 첨단도휘에드가2차)",35.21525281,126.8504149,2024-04-30
95,씨유 성덕미소점,광주광역시 광산구 장덕로 51 (장덕동 1073),35.19506291,126.8149399,2024-04-30
96,GS25 수완원룸점,광주광역시 광산구 수완로50번길 55 (수완동 1600),35.18847274,126.8312824,2024-04-30
97,위드미광주송촌점,광주광역시 광산구 송촌길 1 (송촌동 276-1),35.13870556,126.7735807,2024-04-30
98,비마트,"광주광역시 광산구 사암로 271, 상가동 102호,109호~113호(하남일신아파트)",35.16874636,126.8084673,2024-04-30
99,씨유 신창리치점,광주광역시 광산구 신창로106번길 25 (신창동 1242-8),35.19447056,126.839393,2024-04-30
100,텃밭장덕점,"광주광역시 광산구 풍영로169번길 46 (장덕동 1593, 106, 107호)",35.18856077,126.8108807,2024-04-30
101,세븐일레븐신가세종점,광주광역시 광산구 신창로71번길 33,35.19362671,126.8335172,2024-04-30
102,이마트24 하남손재로점,"광주광역시 광산구 손재로 324, 1층(하남동 440-15)",35.19449933,126.7952458,2024-04-30
103,위드미 광주월계점,광주광역시 광산구 월계로140번길 2 (월계동 768-7),35.21327021,126.8405992,2024-04-30
104,하늘 마트,"광주광역시 광산구 목련로 15 (산정동 1027, 상가동 103호, 104호)",35.17378983,126.7988048,2024-04-30
105,씨엘 천냥생활마트,광주광역시 광산구 사암로171번길 66 (우산동 1605-4),35.160143,126.8041856,2024-04-30
106,이마트24 첨단메가박스점,"광주광역시 광산구 앰코로 35 (쌍암동 688-4, 101호)",35.2215326,126.8523915,2024-04-30
107,지에스(GS)25 광주장덕,광주광역시 광산구 장신로19번길 4 (장덕동 1462),35.19134155,126.8125727,2024-04-30
108,세븐흑석원룸점,"광주광역시 광산구 풍영로101번안길 11 (흑석동 557, 1층)",35.18151182,126.8101319,2024-04-30
109,드림산업안전,"광주광역시 광산구 첨단내촌로 38 (월계동 838-8, 1층)",35.2102002,126.8374093,2024-04-30
110,홈플러스(주)광주하남점,광주광역시 광산구 용아로 390 (하남동 831),35.17796809,126.8053835,2024-04-30
111,이마트24첨단메디케어,"광주광역시 광산구 월계로 223-8 (쌍암동 694-59, 중흥아파트상가 110동 1층 109호)",35.21364227,126.8508419,2024-04-30
112,지에스25 첨단대라수점,"광주광역시 광산구 임방울대로825번길 60-18, 104호 (쌍암동 689-1)",35.22041873,126.8507887,2024-04-30
113,CU 첨단부영 3차점,"광주광역시 광산구 첨단중앙로68번길 131 (산월동 883-2, 부영3차@ 상가)",35.21160687,126.8497065,2024-04-30
114,주식회사 신진사,광주광역시 광산구 용아로 383 (하남동 783),35.17752466,126.8041769,2024-04-30
115,알리바이 우산점,광주광역시 광산구 용아로 175 (우산동 1620),35.15878241,126.8002168,2024-04-30
116,미니스톱 하남 장수점,"광주광역시 광산구 고봉로 126-17 (하남동 399-1, 1층)",35.18538624,126.7943652,2024-04-30
117,이마트24 수완지구점,"광주광역시 광산구 수완로50번길 12 (수완동 1682, 101호)",35.18938213,126.8294939,2024-04-30
118,미니스톱 진곡산단점,광주광역시 광산구 진곡산단2번로 88-2 (오선동 661),35.20213071,126.790553,2024-04-30
119,카카오마트,광주광역시 광산구 풍영로 285 (장덕동 1049),35.19639366,126.8149357,2024-04-30
120,GS25 수완세영,"광주광역시 광산구 풍영로 294-23 (장덕동 1111, 301동 107, 108호)",35.19892811,126.8170261,2024-04-30
121,코리아세븐하남2지구점,광주광역시 광산구 하남대로54번안길 32 (하남동 602),35.17731142,126.7982056,2024-04-30
122,주식회사 코코마트,광주광역시 광산구 월계로 207 (월계동 893-8),35.21359831,126.8482558,2024-04-30
123,씨유 하남산단삼성점,"광주광역시 광산구 용아로 657, 1층(오선동 273-69)",35.20208643,126.8041087,2024-04-30
124,유한회사 첨단에스엠마트,"광주광역시 광산구 첨단중앙로68번길 99, 1층 109호(산월동 883-1)",35.21248237,126.8487728,2024-04-30
125,이마트24 광주도천점,광주광역시 광산구 도천남길 9 (도천동 295-7),35.20848202,126.8169322,2024-04-30
126,지에스25 하남산단점,"광주광역시 광산구 임곡로 757 (도천동 532-6, 101호, 102호)",35.21861978,126.8128114,2024-04-30
127,cu 첨단희망점,광주광역시 광산구 첨단중앙로152번길 81-14 (쌍암동 675-3),35.22012027,126.8470135,2024-04-30
128,세븐일레븐 광주쌍암지구점,광주광역시 광산구 임방울대로825번길 22 (쌍암동 685-6),35.21915421,126.8489539,2024-04-30
129,해빛첨단보훈점,광주광역시 광산구 첨단월봉로 94(산월동),35.20638392,126.848705,2024-04-30
130,세븐일레븐 광주비아하늘점,"광주광역시 광산구 비아로34번길 54-20 (비아동 701-9, 101호)",35.22238892,126.8216208,2024-04-30
131,GS25 하남모아엘가점,"광주광역시 광산구 단전둘레길 15 (하남동 971, 하남3지구모아엘가더퍼스트)",35.18188448,126.7961267,2024-04-30
132,이마트24 광주산정점,광주광역시 광산구 용아로297번길 58-26 (산정동 1104),35.17134815,126.7999475,2024-04-30
133,쿱스토어 광주전남 신용점,"광주광역시 북구 첨단연신로107번길 41, 1층 3,4호",35.20726057,126.8597821,2024-04-30
134,GS25 광주도천,"광주광역시 광산구 하남산단8번로 165 (도천동 621-40, 나동 102호)",35.20906377,126.8138697,2024-04-30
135,알리바이 하남3지구점,광주광역시 광산구 하남대로 95 (하남동 1282),35.1804823,126.80375,2024-04-30
136,지에스25 뉴첨단지구점,"광주광역시 광산구 임방울대로825번길 60-3, 상가동 104-5호(쌍암동)",35.22097461,126.8490558,2024-04-30
137,(주)마트고,"광주광역시 광산구 첨단중앙로 105, 1층(월계동 765-4)",35.21469147,126.8423997,2024-04-30
138,임동마트,광주광역시 북구 서암대로 268(중흥동),35.16546678,126.9134907,2024-04-30
139,(주)코리아세븐 광주산정부영점,"광주광역시 광산구 목련로 42 (산정동 1119, 부영애시앙 상가2동 1층 101호)",35.17239606,126.8021974,2024-04-30
140,씨유 장덕대로점,"광주광역시 광산구 풍영로 229 (장덕동 1475, 1층)",35.19191212,126.813984,2024-04-30
141,드림마트,"광주광역시 광산구 비아로45번길 8-2, 1층 (도천동 629-1)",35.22000197,126.819919,2024-04-30
142,씨유 첨단주민점,"광주광역시 광산구 첨단중앙로124번길 5 (월계동 874-12, 1층)",35.21666708,126.8427736,2024-04-30
143,월드푸드마트,"광주광역시 광산구 첨단중앙로152번길 22, 1층 (쌍암동 658-4)",35.21882557,126.8435583,2024-04-30
144,지에스25 진곡센터점,광주광역시 광산구 진곡산단5번로 57-23(진곡동 526),35.21006467,126.7834825,2024-04-30
145,지에스(GS)25 하남다승,"광주광역시 광산구 용아로399번길 51, 1동 105호(하남동 786)",35.17713754,126.8031305,2024-04-30
146,미니스톱하남장안,광주광역시 광산구 임곡로 691-5(안청동 273-8),35.21708784,126.8054845,2024-04-30
147,씨유광주비아,"광주광역시 광산구 비아로12번길 61, 1층(비아동 682-3)",35.22294361,126.8226696,2024-04-30
148,지에스25 하남공원점,"광주광역시 광산구 하남대로54번안길 3, 1층(하남동 624)",35.17778047,126.7993377,2024-04-30
149,세븐일레븐 광주첨단CGV점,"광주광역시 광산구 임방울대로826번길 19-24, 1층 101호(쌍암동 694-34)",35.21647607,126.8500738,2024-04-30
150,유한회사 상민이레,광주광역시 광산구 월계로 193(월계동 892-4),35.21374962,126.8467272,2024-04-30
151,선진에스씨엠(주)미니스톱 첨단선진점,"광주광역시 광산구 월계로 235-9, 나동 102호(쌍암동 694-58)",35.21425581,126.851273,2024-04-30
152,자연에마트,"광주광역시 광산구 임방울대로825번길 22-52, 1층(쌍암동 689-15)",35.21990087,126.850758,2024-04-30
153,씨유(CU)하남 CGV점,광주광역시 광산구 용아로400번길 29(하남동 820),35.17889873,126.8065057,2024-04-30
154,세븐일레븐 광주비아스타점,광주광역시 광산구 비아안길 92-3(비아동 712-1),35.22114568,126.8213693,2024-04-30
155,미니스톱 하남흑석점,광주광역시 광산구 풍영로101번안길 19-14(흑석동 537),35.18069645,126.8088159,2024-04-30
156,세븐일레븐 쌍암점,광주광역시 광산구 첨단중앙로152번길 11(쌍암동 659-6),35.21914148,126.8427831,2024-04-30
157,이마트24 광주첨단모아,"광주광역시 광산구 월계로 80, 1층(월계동 776-6)",35.21227865,126.8347622,2024-04-30
158,세븐일레븐 광주쌍암스타점,광주광역시 광산구 임방울대로801번길 35(쌍암동 667-7),35.2194643,126.8457619,2024-04-30
159,오리엔탈프레스코리아,광주광역시 광산구 첨단과기로 93-13 (비아동 721),35.22399434,126.8363179,2024-04-30
160,CU하남부영점,"광주광역시 광산구 사암로 251, 상가동 103호(월곡동 538-2)",35.16734483,126.8082321,2024-04-30
161,세븐일레븐 광주하남3지구점,광주광역시 광산구 하남대로 47(하남동 1038),35.18053052,126.7986406,2024-04-30
162,씨유 첨단휴먼시아,"광주광역시 광산구 산월로 64, 상가동 1층 101호(산월동 886-1)",35.20789005,126.8436456,2024-04-30
163,세븐일레븐 광주첨단대라수,"광주광역시 광산구 첨단중앙로182번길 90, 1층 119호(쌍암동 688-2)",35.22159382,126.8508592,2024-04-30
164,이마트24첨단중앙,광주광역시 광산구 첨단중앙로106번길 65-14(월계동 879-3),35.21607428,126.8470742,2024-04-30
165,지에스25 하남모아점,"광주광역시 광산구 손재로 191, 1층(하남동 892)",35.1824424,126.7946748,2024-04-30
166,씨유(CU)하남2지구점,광주광역시 광산구 용아로379번길 45(산정동 1042),35.17647104,126.8018378,2024-04-30
167,주식회사가람식자재마트수완첨단,광주광역시 광산구 임방울대로 513(수완동 801-6),35.20576597,126.8201158,2024-04-30
168,고기파는형제,"광주광역시 광산구 손재로110번길 27, 105호(하남동 650)",35.17622811,126.7985486,2024-04-30
169,씨유 하남다사로움점,"광주광역시 광산구 목련로21번길 45, 1층 106-7호(산정동 1023)",35.1754179,126.7984485,2024-04-30
170,금빛해바라기주식회사,광주광역시 광산구 고봉로 89(하남동 923),35.18281309,126.7975435,2024-04-30
171,(주)다원식자재(FM식자재),광주광역시 광산구 비아로 1(비아동 89-66),35.22006434,126.8246484,2024-04-30
172,세븐일레븐 장덕점,광주광역시 광산구 풍영로229번안길 2(장덕동 1338),35.19221324,126.8135008,2024-04-30
173,세븐일레븐 광주첨단무들점,광주광역시 광산구 임방울대로826번길 60-5(월계동 893-1),35.21451299,126.847603,2024-04-30
174,세븐일레븐 광주첨단프레뷰점,"광주광역시 광산구 임방울대로826번길 22-22, 101동 1층 101호(월계동 870-8)",35.2167781,126.8481839,2024-04-30
175,CU 진곡산단점,광주광역시 광산구 진곡산단2번로 76 (오선동 653),35.2010597,126.7906459,2024-04-30
176,이마트24 포플레이 첨단점,광주광역시 광산구 임방울대로826번길 42. 1층 103호(월계동 882-2),35.21547358,126.8483369,2024-04-30
177,세븐일레븐 광주하남5번로점,"광주광역시 광산구 하남산단5번로 120, 나동(장덕동 975-2)",35.19621396,126.8082901,2024-04-30
178,넘버원피싱샵(세븐일레븐 광주진곡오선점),"광주광역시 광산구 진곡산단3번로 54, 1층(오선동 621)",35.20195726,126.7889799,2024-04-30
179,한마음새마을금고(하남본점),광주광역시 광산구 하남대로 69(하남동 1226),35.18053869,126.8011297,2024-04-30
180,한마음새마을금고(장덕지점),광주광역시 광산구 풍영로 271(장덕동 1069),35.19542535,126.8153568,2024-04-30
181,햇살마트,"광주광역시 광산구 월곡산정로 15, 하남우산주공 후문앞(산정동 977-5)",35.16674173,126.8038414,2024-04-30
182,보광훼미리산정점,광주광역시 광산구 산정동 962-1 (산정로 33-9),35.1695325,126.8032249,2024-04-30
183,알뜰수퍼,광주광역시 광산구 산정동 962-5 (산정로 31),35.16943852,126.8037435,2024-04-30
184,태백수퍼마켙,광주광역시 광산구 산정로 34(산정동 960-14),35.16965975,126.8040425,2024-04-30
185,오복수퍼,광주광역시 광산구 산정동 948-18 (산정로 53) 태백슈퍼마켙-->80m,35.17141845,126.8045262,2024-04-30
186,세븐일레븐 광주월곡점,광주광역시 광산구 산정공원로 42 (월곡동 513-5),35.17131732,126.8062685,2024-04-30
187,인아수퍼,광주광역시 광산구 산정동 962-5 (산정공원로 60),35.16943852,126.8037435,2024-04-30
188,도울마트 산정점,광주광역시 광산구 산정공원로 71(산정동 936-5),35.17390907,126.8062091,2024-04-30
189,이나마트,광주광역시 광산구 산정공원로 79(월곡동 489-17),35.17476833,126.8063158,2024-04-30
190,월드마트,광주광역시 광산구 산정공원로82번길 10(월곡동 497-10),35.17467431,126.8074451,2024-04-30
191,세븐일레븐(희망),"광주광역시 광산구 산정공원로94번길 22, 하남회관 옆(월곡동 495-7)",35.17570135,126.8075776,2024-04-30
192,맨두루 은혜수퍼,광주광역시 광산구 목련로 100(월곡동 316-2),35.17187397,126.8088026,2024-04-30
193,월곡마트,광주광역시 광산구 사암로279번길 17(월곡동 535-1),35.16941048,126.808009,2024-04-30
194,세븐일레븐하남일신점,광주광역시 광산구 산정공원로2번길 3(월곡동 535-6),35.16923854,126.8084903,2024-04-30
195,천원세상,광주광역시 광산구 월곡중앙로25번길 18(월곡동 50-16),35.16868761,126.8099116,2024-04-30
196,에이스놀이터마트,광주광역시 광산구 월곡동 602-7 (월곡중앙로 16) 월곡중앙경로당앞,35.16764104,126.8109988,2024-04-30
197,세븐일레븐월곡중앙점,광주광역시 광산구 월곡로 17(월곡동 552-14),35.1691422,126.8111416,2024-04-30
198,대하마트,"광주광역시 광산구 월곡산정로 91-1, 월곡초4거리(월곡동 612-23)",35.16606254,126.8121908,2024-04-30
199,영앙마트 월곡점,광주광역시 광산구 월곡산정로 91(월곡동 612-15),35.16608134,126.812052,2024-04-30
200,햇살마트(장터DC마트),광주광역시 광산구 월곡산정로 75-1(월곡동 61-13),35.16616797,126.8104372,2024-04-30
201,프랜드24시,"광주광역시 광산구 월곡중앙로 47, 늘찬양교회앞(월곡동 702-2)",35.17048589,126.8109912,2024-04-30
202,생활용품DC마트,"광주광역시 광산구 월곡중앙로47번길 30(월곡동 696-10, 월곡시장주변)",35.17072123,126.809952,2024-04-30
203,늘푸른유통,"광주광역시 광산구 월곡중앙로47번길 30(월곡동 696-10 주변, 생활용품DC마트 옆)",35.17072123,126.809952,2024-04-30
204,한솔종합식품,광주광역시 광산구 월곡중앙로53번길 13(월곡동 697-1),35.17101841,126.8104716,2024-04-30
205,세븐월곡영천점,"광주광역시 광산구 월곡중앙로 53, 한솔종합식품->30m(월곡동 698-2)",35.17100759,126.8110477,2024-04-30
206,명일마트,"광주광역시 광산구 월곡중앙로54번길 20, 세븐24시->80m(월곡동 700-4)",35.17094433,126.8121593,2024-04-30
207,한국마트,광주광역시 광산구 월곡로 54-1(월곡동 584-2),35.16858903,126.8150545,2024-04-30
208,주식회사 에스엠마트 운남점,"광주광역시 광산구 사암로340번안길 12, 주공9단지(월곡우체국 앞)(월곡동 682-1)",35.17605201,126.8105747,2024-04-30
209,CU편의점구보광훼미리,광주광역시 광산구 월곡동 683-1 주공9단지(영천중학교 앞),35.17617058,126.811467,2024-04-30
210,드림마트,광주광역시 광산구 하남동 598 (하남부영3차아파트 정문앞),35.17778988,126.7982163,2024-04-30
211,자연엔,광주광역시 광산구 산정동 (하남2지구도시공사1차 상가 맞은편),35.17060989,126.7947493,2024-04-30
212,파머스마트,광주광역시 광산구 산정동 1016 (하남2지구도시공사1차상가 맞은편),35.17582305,126.7988234,2024-04-30
213,영은상사(SM마트),광주광역시 광산구 손재로110번길 36(산정동),35.17588266,126.7990624,2024-04-30
214,그린마트,광주광역시 광산구 임곡동 488-8,35.21917267,126.7449958,2024-04-30
215,이나마트(산정동),광주광역시 광산구 산정공원로 79(산정동 934-5),35.17476833,126.8063158,2024-04-30
216,한두레마트 운남점,광주광역시 광산구 사암로390번길 43(월곡동 679-13),35.17933884,126.8103676,2024-04-30
217,CU산정원룸점,광주광역시 광산구 산정공원로 95(산정동 912-12),35.17605894,126.8064595,2024-04-30
218,I마트 하남점,광주광역시 광산구 하남대로54번안길 42-8(하남동 577),35.17785475,126.7978764,2024-04-30
219,GS25운남주공점,광주광역시 광산구 사암로340번길 30(월곡동 685-1),35.17450957,126.809397,2024-04-30
220,세븐일레븐 광주산정공원로점,광주광역시 광산구 산정공원로 60(월곡동 509-8),35.17287371,126.8063925,2024-04-30
221,임곡농협,"광주광역시 광산구 고봉로 807, 1층(임곡동 780)",35.21979643,126.7426222,2024-04-30
222,대방플러스마트,"광주광역시 광산구 용아로297번길 17, 상가 118동 103호(산정동 1125)",35.16950493,126.8020098,2024-04-30
223,씨유광주산정점,광주광역시 광산구 산정로 33-9(산정동 962-1),35.16953909,126.8032295,2024-04-30
224,씨유 월곡원룸점,광주광역시 광산구 월곡중앙로 16(월곡동 602-7),35.16763561,126.8109891,2024-04-30
225,금호하이퍼마켓,"광주광역시 광산구 월곡산정로 80, 금호타운상가 105호(월곡동 613-1)",35.16577515,126.8111785,2024-04-30
226,미니스톱 월곡희망점,광주광역시 광산구 목련로 81(월곡동 510-14),35.1724665,126.8066348,2024-04-30
227,씨유월곡산정공원로점,광주광역시 광산구 산정공원로60번길 22(월곡동 510-8),35.17265436,126.8073237,2024-04-30
228,드림디포(광산점),광주광역시 광산구 월곡동 682-4 초원빌딩 1층,35.17569154,126.8111985,2024-04-30
229,월드미니마트,"광주광역시 광산구 산정공원로 83번길 16, 1층(산정동)",35.17501479,126.8063391,2024-04-30
230,아시아종합마트,광주광역시 광산구 산정공원로94번길 18(월곡동 495-6),35.17570011,126.8074264,2024-04-30
231,푸드마켓 월곡점,광주광역시 광산구 월곡로 33(월곡동 574-4),35.16898168,126.813126,2024-04-30
232,씨유 월곡중앙점,"광주광역시 광산구 월곡중앙로41번길 18, 1층(월곡동 543-5)",35.17010733,126.8101911,2024-04-30
233,세븐일레븐월곡희망점,"광주광역시 광산구 산정공원로94번길 22, 1층(월곡동 495-7)",35.17570135,126.8075776,2024-04-30
234,뉴할인마트본점,"광주광역시 광산구 월곡로 7, 1층(월곡동 550-18)",35.16913504,126.8099043,2024-04-30
235,한성D마켓,"광주광역시 광산구 월곡산정로 96-21, 한성2차아파트 209동 1층 6호(월곡동 614-2)",35.16439529,126.8131136,2024-04-30
236,타이 아시아 마트,"광주광역시 광산구 월곡중앙로33번길 28, 1층점포(월곡동 547-4)",35.16949721,126.8094514,2024-04-30
237,아시아마트,"광주광역시 광산구 산정로6번길 12, 1층(산정동 977-4)",35.16694139,126.8037363,2024-04-30
238,씨유산정목련로점,광주광역시 광산구 목련로 64(산정동 942-1),35.17220708,126.8046024,2024-04-30
239,(유)일일구식자재,광주광역시 광산구 사암로 319(월곡동 315-33),35.17280149,126.8088232,2024-04-30
240,씨유 영천마을점(CU),"광주광역시 광산구 사암로340번길 30, 분산상가동 1층 101,102호(월곡동)",35.17450957,126.809397,2024-04-30
241,세븐일레븐 광주월곡반월점,광주광역시 광산구 월곡반월로 57(월곡동 560-10),35.16997038,126.8127214,2024-04-30
242,골드마트,광주광역시 광산구 월곡중앙로10번길 21(월곡동 606-10),35.16721623,126.8119876,2024-04-30
243,세븐일레븐 광주산정주공점,광주광역시 광산구 월곡산정로 11(산정동 977-15),35.16676346,126.8034546,2024-04-30
244,세븐일레븐 산정고려점,광주광역시 광산구 산정로 46(산정동 955-12),35.17057369,126.8042997,2024-04-30
245,아시아마트,광주광역시 광산구 산정공원로72번길 21-8(월곡동 490-16),35.17411012,126.8076492,2024-04-30
246,미니스톱 어등한양점,"광주광역시 광산구 여대길 340, 상가동 109호(산정동 1146)",35.16712453,126.7932655,2024-04-30
247,GS25 광주산정초점,광주광역시 광산구 용아로297번길 58-12 (산정동 1110),35.1707522,126.7999101,2024-04-30
248,나비마트,광주광역시 광산구 사암로24번길 60-16(신촌동 829-2),35.14541995,126.8093935,2024-04-30
249,사람과바다,광주광역시 광산구 용아로 230(우산동 1575-2),35.16362838,126.8021379,2024-04-30
250,하남유통마트,광주광역시 광산구 무진대로231번길 29-13(우산동 1577-3),35.16342573,126.8052927,2024-04-30
251,미니스톱 하남어등점,광주광역시 광산구 무진대로231번길 14(우산동 1580-8),35.16289035,126.8062671,2024-04-30
252,세븐일레븐우산5호점,"광주광역시 광산구 사암로216번길 38-12, 하남콜럼버스 앞(우산동 1586-24)",35.16282453,126.810357,2024-04-30
253,하나마트,광주광역시 광산구 사암로171번길 70(우산동 1605-3),35.16015156,126.8040154,2024-04-30
254,화진수퍼,광주광역시 광산구 우산로 85(우산동 1028-24),35.15663443,126.8095938,2024-04-30
255,씨유광주광산점,광주광역시 광산구 우산로95번길 57(우산동 1591-7),35.15876075,126.8115629,2024-04-30
256,GS25 광주우산점,광주광역시 광산구 우산로 120(우산동 1037-2),35.15604531,126.8133043,2024-04-30
257,영암수퍼,"광주광역시 광산구 사암로118번길 127-6(우산동 1039-5, 대덕상가1호)",35.15509291,126.8146369,2024-04-30
258,도울마트 우산점,"광주광역시 광산구 우산로96번길 82, 농협우산점 옆 한울마트->50m(우산동 1074-11)",35.15269067,126.8104243,2024-04-30
259,스토아마트,"광주광역시 광산구 우산로96번길 66, 대덕훼미리@ 상가 도울마트->60m(우산동 1074-1)",35.15337741,126.810309,2024-04-30
260,평화마트,광주광역시 광산구 금봉로 101-1(우산동 1078-11),35.1521505,126.8098018,2024-04-30
261,굿마트,광주광역시 광산구 금봉로 64 (12-9),35.15162006,126.8054939,2024-04-30
262,광미마트,광주광역시 광산구 금봉로 59 (소촌동 9-12),35.15188156,126.8051699,2024-04-30
263,동남수퍼,광주광역시 광산구 상무대로 349(신촌동 1117-23),35.14416056,126.8038533,2024-04-30
264,에덴수퍼,광주광역시 광산구 신흥동길 19(신촌동 1064-10),35.14464631,126.8010957,2024-04-30
265,황금마트,"광주광역시 광산구 상무대로 309-1, 송정공원지하철4번출입구(신촌동 1087-36)",35.14381612,126.7997052,2024-04-30
266,씨유(CU) 광주송정점,"광주광역시 광산구 상무대로 305, 1층(소촌동 519-2)",35.14379573,126.799038,2024-04-30
267,보양수퍼,"광주광역시 광산구 송정공원로23번길 2, 보양@상가(소촌동 506-11)",35.14588997,126.7985605,2024-04-30
268,마을수퍼,광주광역시 광산구 송정공원로11번길 49(소촌동 783-48),35.14516412,126.7965209,2024-04-30
269,소라수퍼,"광주광역시 광산구 송정공원로11번길 66, 맞은편",35.14482885,126.795901,2024-04-30
270,세븐일레븐금호점,광주광역시 광산구 어등대로 665금호타이어정문앞,35.1448459,126.7907305,2024-04-30
271,세븐일레븐 광주소촌공단점,"광주광역시 광산구 어등대로595번길 13, 상가동 101호(운수동 65-50)",35.15203845,126.786834,2024-04-30
272,세븐일레븐광산경철서,광주광역시 광산구 어등대로 537 호반낚시->금호축산건물,35.15230984,126.7819198,2024-04-30
273,마운틴마트 금성점,"광주광역시 광산구 어등대로653번길 33, 소촌서라2차아파트 상가(소촌동 611)",35.14646027,126.7915314,2024-04-30
274,(주)에스엠마트 소촌점,광주광역시 광산구 소촌로152번길 30(소촌동 244-6),35.15747795,126.7951882,2024-04-30
275,마운틴마트어룡점,광주광역시 광산구 소촌로86번길 14(소촌동 286-8),35.1521102,126.7946113,2024-04-30
276,한울민물장어,광주광역시 광산구 어등대로 542(운수동 41-3),35.15185762,126.7820116,2024-04-30
277,CU뉴선운지구점,광주광역시 광산구 선운로 5(선암동 768),35.14850934,126.770109,2024-04-30
278,나비마트,광주광역시 광산구 어등대로665번길 11(소촌동 594-19),35.14546741,126.7912676,2024-04-30
279,삼덕상회,광주광역시 광산구 소촌동528-3,35.14219046,126.7949292,2024-04-30
280,e자연애마트,광주광역시 광산구 사암로24번길 28-13(신촌동 829-1),35.14550224,126.8092247,2024-04-30
281,비타민마켓 소촌점,광주광역시 광산구 금봉로 30(소촌동 128-8),35.15140233,126.8016819,2024-04-30
282,성호마트,광주광역시 광산구 우산동1610-5(사암로171번길 94),35.16030433,126.8026221,2024-04-30
283,호대마트,"광주광역시 광산구 어등대로433번길 62, 호대 후문(서봉동 9-1)",35.1526352,126.7696768,2024-04-30
284,세븐일레븐 광주하남중앙점,광주광역시 광산구 사암로216번길 10-9(우산동 1586-4),35.16293195,126.8091333,2024-04-30
285,해피마트,광주광역시 광산구 사암로215번길 83(우산동 1573-7),35.16384363,126.8037523,2024-04-30
286,미니스톱 뉴하남중앙점,광주광역시 광산구 사암로216번길 38-14(우산동 1585-4),35.16252597,126.8101039,2024-04-30
287,주)영암마트선운점,광주광역시 광산구 선운중앙로 56(선암동 567),35.14784279,126.777994,2024-04-30
288,유한회사 배가유통,"광주광역시 광산구 선운로20번길 53, 1층(선암동 578)",35.14749436,126.7768863,2024-04-30
289,GS25선운중앙점,"광주광역시 광산구 어등대로 418-1, 1층 103호(선암동 764)",35.14883531,126.7696084,2024-04-30
290,씨유선운이지점,"광주광역시 광산구 선운로20번길 48, 1층(선암동 624)",35.14675368,126.7757922,2024-04-30
291,와이마트소촌점,광주광역시 광산구 소촌로86번길 4(소촌동 281-2),35.15191158,126.7935749,2024-04-30
292,cu 선운원룸점,광주광역시 광산구 선운로2번길 1,35.14803734,126.7704189,2024-04-30
293,세븐일레븐 하남나로점,"광주광역시 광산구 무진대로232번길 28, 나로빌딩(우산동 1606-10)",35.16031063,126.8055727,2024-04-30
294,씨유 우산시영점,광주광역시 광산구 사암로171번길 104(우산동 1610-2),35.16032565,126.8020979,2024-04-30
295,미니스톱 소촌공단점,광주광역시 광산구 소촌로 9(소촌동 655-5),35.1471895,126.790456,2024-04-30
296,대명도어산업,광주광역시 광산구 사암로 146(우산동 1023-13),35.15740333,126.8077912,2024-04-30
297,파머스마켓,광주광역시 광산구 사암로215번길 41,35.16364353,126.8059905,2024-04-30
298,미니스톱 소촌모아점,"광주광역시 광산구 소촌로86번길 20-5, 소촌모아2차 상가동 103호(소촌동 290-46)",35.15214734,126.7956802,2024-04-30
299,편의점속의 몽블랑,광주광역시 광산구 상무대로 311(신촌동 1087-4),35.14388463,126.7999273,2024-04-30
300,미니스톱 우산중앙점,광주광역시 광산구 사암로118번길 56(우산동1057-1),35.15447936,126.8103916,2024-04-30
301,세븐일레븐우산중앙로,광주광역시 광산구 사암로130번길 58(우산동 1047-1),35.15573138,126.8105267,2024-04-30
302,농민유통센터,"광주광역시 광산구 어등대로 455, 에스타워(선암동 354)",35.15117268,126.7729366,2024-04-30
303,주식회사 와이마트하남중흥우산점,광주광역시 광산구 풍영철길로 20-4(우산동 1363-13),35.16294015,126.8128334,2024-04-30
304,세븐일레븐무역회관,"광주광역시 광산구 무진대로 272-9, 101호(우산동 1594-1)",35.1602241,126.8104643,2024-04-30
305,대화물류,광주광역시 광산구 소촌로 23(소촌동 656-7),35.14773572,126.7918122,2024-04-30
306,세븐일레븐 광주우산대덕점,광주광역시 광산구 우산로 138(우산동),35.1558802,126.8151416,2024-04-30
307,지에스(GS)25 광주소촌점,"광주광역시 광산구 어등대로665번길 10, 1층 102호(소촌동 594-1)",35.1454036,126.7914783,2024-04-30
308,세븐일레븐 광주우산송우점,광주광역시 광산구 사암로158번길 56(우산동 1027-4),35.15807194,126.8107603,2024-04-30
309,에프엠마트,"광주광역시 광산구 우산로 17, 하남시영상가단지내(우산동 1603-1)",35.15982377,126.8041467,2024-04-30
310,씨유 우산원룸점,"광주광역시 광산구 사암로106번길 13, 1층(우산동 1054-36)",35.15383078,126.8081785,2024-04-30
311,씨유선운이지3차점,"광주광역시 광산구 선운로 55, 제313동(상가동) 101, 102호(선암동 549)",35.15009713,126.7741116,2024-04-30
312,팜스타마트,"광주광역시 광산구 월곡산정로 12, 105동~106호(우산동 1571-2)",35.16631715,126.8038702,2024-04-30
313,와이마트(우산점),"광주광역시 광산구 금봉로 98, 1층(우산동 1086-6)",35.15190086,126.8090216,2024-04-30
314,그린마트,광주광역시 광산구 사암로215번길 16(우산동 1572-6),35.1641281,126.8081937,2024-04-30
315,씨유 첨단주민점,"광주광역시 광산구 첨단중앙로124번길 5, 1층(월계동 874-12)",35.21666708,126.8427736,2024-04-30
316,씨유 광주선운점,"광주광역시 광산구 선운로 65, 상가동 102, 103호(선암동 553)",35.15064951,126.7768992,2024-04-30
317,GS25 광주선운점,"광주광역시 광산구 선운중앙로 45, 선운모아엘가 상가동 101호(선암동 555)",35.14972154,126.7779195,2024-04-30
318,세븐일레븐 선운주공점,"광주광역시 광산구 선운중앙로 68, 상가동 1층(선암동 540)",35.14768579,126.779235,2024-04-30
319,이마트24 광주선암점,광주광역시 광산구 선운로 20번길 40(선암동),35.14684658,126.774998,2024-04-30
320,서진종합유통,"광주광역시 광산구 무진대로231번길 29-9, 1층(우산동 1577-4)",35.16340309,126.8055092,2024-04-30
321,지에스25 광주운수점,광주광역시 광산구 어등대로 581-1(운수동 25-1),35.15120257,126.7862938,2024-04-30
322,이마트24 송정더솔점,"광주광역시 광산구 어등대로 711, 1층(소촌동 529-28)",35.14203042,126.7945261,2024-04-30
323,주)와이마트하남무역점,"광주광역시 광산구 무진대로 278-11, 108동 상가 109호(우산동 1589-3)",35.16031884,126.811159,2024-04-30
324,주)부진런한사람들행암점,"광주광역시 광산구 어등대로 455, 1층(선암동)",35.15117268,126.7729366,2024-04-30
325,주식회사 가람식자재마트,광주광역시 광산구 무진대로 239(우산동 1581-3),35.16231794,126.8068009,2024-04-30
326,세븐일레븐 광주우산행복점,광주광역시 광산구 무진대로212번길 15(우산동 1606-1),35.16082908,126.8037724,2024-04-30
327,GS25 광주산정점,광주광역시 광산구 월곡산정로 19 (산정동 977-9),35.16671352,126.8042339,2024-04-30
328,미니스톱 우산송광점,광주광역시 광산구 사암로106번길 109(우산동 1063-9),35.15365648,126.8135087,2024-04-30
329,로컬푸드빅마트 선운점,"광주광역시 광산구 선운로20번길 40, 1층(선암동 655)",35.14684658,126.774998,2024-04-30
330,씨유(CU)우산중흥점,"광주광역시 광산구 금봉로 113, 1층 102호(우산동 1079-4)",35.15214577,126.8111034,2024-04-30
331,더블유(W)식자재마트,"광주광역시 광산구 소촌로 75, 1층(소촌동 388-1)",35.15126465,126.7928201,2024-04-30
332,세븐일레븐광주우산중흥점,광주광역시 광산구 금봉로 108(우산동 1624),35.15182637,126.8104373,2024-04-30
333,이마트24 롯데시네마 광산점,"광주광역시 광산구 무진대로 272-8, 에이104호(우산동 1597-1)",35.16016327,126.8096635,2024-04-30
334,지에스25 선운원룸점,광주광역시 광산구 선운로 10(선암동 732),35.14833448,126.770543,2024-04-30
335,들래미 종합유통,"광주광역시 광산구 사암로106번길 119, 1층(우산동 1064-3)",35.15371027,126.8142579,2024-04-30
336,세븐일레븐 광주소촌대박점,"광주광역시 광산구 소촌로 147, 101호(소촌동 832-1)",35.15738628,126.7918562,2024-04-30
337,세븐일레븐 광주소촌점,광주광역시 광산구 소촌로152번길 34(소촌동 244-2),35.15744368,126.7957659,2024-04-30
338,한마음새마을금고(우산지점),"광주광역시 광산구 금봉로 106-1, 102호, 103호(우산동 1621)",35.15185939,126.8098814,2024-04-30
339,주식회사 슈퍼마켓자연숲,광주광역시 광산구 목련로153번길 85(운남동 785-1),35.17581868,126.814437,2024-04-30
340,세븐일레븐삼성점,"광주광역시 광산구 임방울대로 144, 삼성아파트 입구(운남동 387-37)",35.1739732,126.8179118,2024-04-30
341,텃밭운남점,"광주광역시 광산구 임방울대로 152, 삼성아파트 옆(운남동 426-1)",35.17478633,126.8182223,2024-04-30
342,GS25신가점,"광주광역시 광산구 신가동 886-6, (신가동사무소 사거리앞)",35.18131377,126.8262117,2024-04-30
343,마운틴마트수완,"광주광역시 광산구 하남대로261번길 11, 수완주공3단지 후문(신가동 1202)",35.18052622,126.8200147,2024-04-30
344,림스마트,"광주광역시 광산구 수완동 1473 (수완우미린 1차 뒷길, 애플타워 방향)",35.18975039,126.8266754,2024-04-30
345,영암마트수완,"광주광역시 광산구 임방울대로215번길 8, 수완중흥S 1차입구(신가동 1287)",35.18080496,126.8170346,2024-04-30
346,하일마트,"광주광역시 광산구 목련로397번길 31, 신가주공 뒷편(신가동 964-1)",35.18388837,126.8308993,2024-04-30
347,세븐일레븐신가진만점,"광주광역시 광산구 목련로394번길 9, 진만초교후문쪽 대로변(신가동 998-8)",35.1838212,126.8329684,2024-04-30
348,한들마트,"광주광역시 광산구 신가동 302-9, 중흥2차아파트 상가(204동앞)",35.1810504,126.8364438,2024-04-30
349,파머스마트,"광주광역시 광산구 신가동 302-42, 중흥2차아파트뒷편",35.18220556,126.8375641,2024-04-30
350,훼미리편의점신가지구,광주광역시 광산구 신가동 1019-1 신가도시공사아파트 상가,35.18366624,126.8378613,2024-04-30
351,롯데슈퍼 신가점,"광주광역시 광산구 수등로258번길 10, 우미이노스빌(신가동 1012)",35.18446046,126.8352867,2024-04-30
352,와이마트신가점,광주광역시 광산구 수등로 274(신가동 1017-7),35.18496457,126.8387557,2024-04-30
353,알리바이신가점,광주광역시 광산구 수등로 253(신가동 986-4),35.18538413,126.8366511,2024-04-30
354,GS25 신가원룸,광주광역시 광산구 수등로243번길 20(신가동 984-20),35.18604054,126.8355503,2024-04-30
355,주공마트,"광주광역시 광산구 신가동 963-1, 신가주공@상가",35.18452849,126.8310818,2024-04-30
356,햇살마트,"광주광역시 광산구 신창로35번길 54, 신창부영7차 아파트상가(신가동 1030)",35.19014464,126.8332213,2024-04-30
357,빛고을마트,"광주광역시 광산구 신창로35번길 20,(신창부영6차 아파트상가)",35.19023742,126.835415,2024-04-30
358,비타민,광주광역시 광산구 신창로 44(신창동 1211-2),35.18915,126.8372627,2024-04-30
359,씨유 광주신창점,"광주광역시 광산구 신창로48번길 35, 1층 현대차 신창정비점 옆(신창동 1201-5)",35.18971589,126.8390351,2024-04-30
360,영암마트신창부영점,"광주광역시 광산구 장신로265번길 22, 부영1차상가(신창동 1187)",35.19269033,126.8400311,2024-04-30
361,유한회사 날마다,"광주광역시 광산구 신창로72번길 10-29, 101호(신창동 1222-4)",35.19140156,126.8387311,2024-04-30
362,GS25시구동키호테,광주광역시 광산구 신창로 70(신창동 1218-1),35.19151215,126.8373738,2024-04-30
363,(주)제이알에스,"광주광역시 광산구 신창로71번길 16, 상가-101(신창동, 부영5차)",35.19351175,126.8364017,2024-04-30
364,도시공사한아름마트,광주광역시 광산구 왕버들로252번길 46(신창동 1268),35.19532804,126.8340624,2024-04-30
365,GS25신창원룸점,광주광역시 광산구 왕버들로252번길 25(신창동 1250-9),35.19529061,126.8358278,2024-04-30
366,GS25신창진흥점,"광주광역시 광산구 신창로138번길 32-3, 신창행정복지센터 뒤(신창동 1136-1)",35.19603672,126.8404634,2024-04-30
367,신창스튜디오,"광주광역시 광산구 신창로106번길 15, 신창중학교 정문옆(신창동 1240-7)",35.19463357,126.8386803,2024-04-30
368,영암마트,"광주광역시 광산구 신창로161번길 19, 신창호반3차상가(신창동 1118)",35.19894505,126.8389785,2024-04-30
369,코스코마트,"광주광역시 광산구 신창로166번길 13-3, 신창초교 정문앞(신창동 1155-8)",35.19878579,126.8419973,2024-04-30
370,환희마트,"광주광역시 광산구 북문대로419번길 62, 보건대앞(신창동 1031-15)",35.19255179,126.8458684,2024-04-30
371,프랜드365편의점,광주광역시 광산구 수완동 1382 수완한복대여점옆,35.19109001,126.8297463,2024-04-30
372,GS25수완점,광주광역시 광산구 수완로74번길 30-2(수완동 1377),35.19161632,126.8304558,2024-04-30
373,농협하나로마트,"광주광역시 광산구 장신로 153, 수완동비아농협본점(수완동 1120)",35.1909828,126.8271058,2024-04-30
374,빛고을마트,"광주광역시 광산구 수완로73번길 40, 수완대주6차아파트 상가(수완동 975)",35.19193995,126.8262876,2024-04-30
375,cu흑석미소점,"광주광역시 광산구 풍영로101번안길 2, 이지더원정문앞(흑석동 595)",35.18111326,126.8114709,2024-04-30
376,상동,광주광역시 광산구 풍영로145번길 90(흑석동 511),35.18332221,126.8097461,2024-04-30
377,신세계마켓,광주광역시 광산구 임방울대로 146(운남동 387-27),35.17424105,126.8179499,2024-04-30
378,영암마트신가호반점,광주광역시 광산구 신가동1048,35.18731526,126.8333293,2024-04-30
379,알리바이수완장덕점,광주광역시 광산구 장덕동 1583,35.19028005,126.8125317,2024-04-30
380,영암마트수완현진점,광주광역시 광산구 임방울대로 376(수완동 958),35.19370589,126.8240514,2024-04-30
381,줌마트,광주광역시 광산구 목련로219번길 25(운남동 387-58),35.17330348,126.8223936,2024-04-30
382,장바구니 신창점,광주광역시 광산구 북문대로419번길 24,35.19316069,126.8478251,2024-04-30
383,파머스마켓,광주광역시 광산구 운남동 775-7(목련로273번길 83),35.17769935,126.8247844,2024-04-30
384,그린365 신창점,광주광역시 광산구 신창로50(신창동1215-5),35.18974126,126.8372429,2024-04-30
385,CU신창원룸점,광주광역시 광산구 신창로105번길 24-3(신창동 1251-7),35.19515778,126.836451,2024-04-30
386,씨유 수완드림점,광주광역시 광산구 수완로 50번길 11,35.18963398,126.8295018,2024-04-30
387,탑할인마트,광주광역시 광산구 수완로 74번길 11-4(수완동),35.19188897,126.8299375,2024-04-30
388,햇살빅마트,광주광역시 광산구 풍영로101번안길 12,35.18159452,126.8105054,2024-04-30
389,이마트24 광주신창점,"광주광역시 광산구 신창로 108, 1층(신창동)",35.1948063,126.8381637,2024-04-30
390,장바구니마트,광주광역시 광산구 수등로94번길 46(신가동),35.1814039,126.8187616,2024-04-30
391,씨유수완원룸점,"광주광역시 광산구 수완로11번길 31, 수완중 길 건너(신가동 1092)",35.18614227,126.8268616,2024-04-30
392,우미마트,광주광역시 광산구 임방울대로 468-9(디와이빌딩101호),35.20189976,126.820877,2024-04-30
393,주)와이마트수완주공,광주광역시 광산구 하남대로261번길 12(신가동 1189),35.18033227,126.8225957,2024-04-30
394,롯데프레시 광주수완점,"광주광역시 광산구 수완로49번길 32, 1층(수완동 1472)",35.18975374,126.8268761,2024-04-30
395,씨유 수완명진점,광주광역시 광산구 수완로10번길 7(수완동 1587),35.18615862,126.8310373,2024-04-30
396,주)다담리테일(운남점),광주광역시 광산구 목련로273번안길 12 (운남동 772-1),35.17840806,126.8241437,2024-04-30
397,SN마트,"광주광역시 광산구 하남대로 288, 햇살빌딩(운남동 774-1)",35.17876199,126.825056,2024-04-30
398,마트싸다(SSADA),광주광역시 광산구 임방울대로358번길 20(수완동 1090),35.19164158,126.8252727,2024-04-30
399,광주농산물유통센터,광주광역시 광산구 임방울대로 261(신가동 1052),35.185028,126.8186595,2024-04-30
400,세븐일레븐수완하나점,광주광역시 광산구 장신로 141(수완동 1085),35.19100746,126.8256359,2024-04-30
401,GS25 신창중앙점,"광주광역시 광산구 신창로86번길 30, 1층(신창동 1227-1)",35.19253122,126.8389244,2024-04-30
402,세븐일레븐 광주수완명진점,광주광역시 광산구 수완로12번길 72(수완동 1588),35.18766654,126.8313233,2024-04-30
403,SM마트,광주광역시 광산구 하남대로261번길 22(신가동 1183),35.18125702,126.8228718,2024-04-30
404,CU광주수완점,"광주광역시 광산구 임방울대로332번길 13, 101호(수완동 1440)",35.18976602,126.8246336,2024-04-30
405,파머스마켓,광주광역시 광산구 목련로273번길83(운남동),35.17768405,126.8247947,2024-04-30
406,미니스톱수완솔빛,"광주광역시 광산구 왕버들로132번길 22, 101호(수완동 908)",35.20113262,126.8222176,2024-04-30
407,와이마트신가풍영점,광주광역시 광산구 수등로258번길 34 (신창동 855-13),35.18229386,126.8378766,2024-04-30
408,이마트24 광주신가원룸점,"광주광역시 광산구 신가삼효로 26, 1층(신가동 978-1)",35.18646653,126.8352933,2024-04-30
409,한아름마트,"광주광역시 광산구 목련로153번길 134, 1동 상가 1층(운남동 782-1)",35.17869832,126.8156113,2024-04-30
410,GS25신가진만,광주광역시 광산구 목련로394번길 9(신가동 998-8),35.1838212,126.8329684,2024-04-30
411,Y마트 수완우미린점,광주광역시 광산구 왕버들로 92(수완동 903),35.2022238,126.8208762,2024-04-30
412,더줌마트 신가점,광주광역시 광산구 신창로35번길 97(신가동),35.18658113,126.8342679,2024-04-30
413,플러스24,"광주광역시 광산구 장신로 143, 109호(수완동 1086)",35.19102025,126.8258817,2024-04-30
414,이마트24광주송촌점,"광주광역시 광산구 임방울대로154-24,상가비동101호(운남동,우방아이유쉘",35.17469023,126.8185757,2024-04-30
415,미니스톱 수완주공점,"광주광역시 광산구 수등로123번길 22, 휴먼시아2차 상가 103(신가동 1064)",35.18506397,126.8233011,2024-04-30
416,GS25 흑석골드점,광주광역시 광산구 풍영로101번안길 3-8(흑석동 585),35.180554,126.8105077,2024-04-30
417,이마트24 광주운남삼성점,"광주광역시 광산구 목련로217번길 42, 1층(운남동 387-74)",35.17414675,126.821693,2024-04-30
418,파인땡큐마트,"광주광역시 광산구 수완로9번길 22-14, 1층(신가동 1115)",35.18589108,126.827126,2024-04-30
419,데이앤데이 편의점,"광주광역시 광산구 수완로 67, 1층(수완동)",35.19130642,126.8285254,2024-04-30
420,세븐일레븐 수완단비점,광주광역시 광산구 수완로74번길 48(수완동 1401),35.19160121,126.8315808,2024-04-30
421,데이앤데이수완점,"광주광역시 광산구 수완로 67, 1층일부(후면서쪽부)(수완동)",35.19130642,126.8285254,2024-04-30
422,씨유 신창햇살점,"광주광역시 광산구 신창로162번길 29-4, 1층(신창동 1159-9)",35.19789537,126.8424362,2024-04-30
423,와이마트 수완현진점,"광주광역시 광산구 임방울대로 376, 상가동 102호(수완동 958)",35.19370589,126.8240514,2024-04-30
424,한아름마트,"광주광역시 광산구 수등로 204, 주공아파트상가 101호, 102호(신가동 963-1)",35.18483402,126.8307355,2024-04-30
425,에브리마켓,"광주광역시 광산구 여대길 303, 상가동101호,102호(어등산 한국아델리움)",35.16665261,126.7939742,2024-04-30
426,주식회사 에스엠마트 신가점,"광주광역시 광산구 수등로258번길 3-11, 1층(신가동 1017-13)",35.18482995,126.8384478,2024-04-30
427,세븐일레븐 광주하남중흥점,"광주광역시 광산구 목련로21번길 20, 132동 103층(산정동 1060)",35.17563253,126.8003655,2024-04-30
428,세븐신가중앙점,광주광역시 광산구 목련로381번길 8(신가동),35.18275449,126.8322824,2024-04-30
429,이마트24 수완장덕점,"광주광역시 광산구 풍영로169번길 16, 숲안애@ 101동 107~108호(장덕동 1601)",35.1867635,126.8135774,2024-04-30
430,유(U) 마켓,"광주광역시 광산구 풍영로330번길 15, 휴먼시아8단지 상가동 103호,104호(장덕동 1098)",35.20204144,126.8157011,2024-04-30
431,세븐일레븐수완스타점,"광주광역시 광산구 수완로49번길 10, 1층 101호(수완동 1466)",35.18971738,126.8280466,2024-04-30
432,에브리 마트,"광주광역시 광산구 신창로 8-16, 101호(신가동)",35.18583878,126.8385376,2024-04-30
433,유한회사 슈퍼마켓자연숲본점,"광주광역시 광산구 신가삼효로 19, 1층(신가동 462)",35.18643558,126.8344755,2024-04-30
434,CU 장덕주공점,광주광역시 광산구 풍영로329번길 51(장덕동 1044),35.20047438,126.8117949,2024-04-30
435,세븐일레븐 광주운남지구점,광주광역시 광산구 목련로153번길 79-1(운남동 785-4),35.17539549,126.8140811,2024-04-30
436,지에스25 광주삼성점,"광주광역시 광산구 임방울대로 142-12, 상가동 1층 101호(운남동 387-22)",35.17200663,126.8194865,2024-04-30
437,씨엘텍,"광주광역시 광산구 사암로 429, 1층(흑석동 53)",35.18264756,126.8086675,2024-04-30
438,유한회사루벨이마트24 광주세계로점,"광주광역시 광산구 장신로 81, 105호(장덕동 1297)",35.19193068,126.8182525,2024-04-30
439,에스엠(SM)마트 보건대점,"광주광역시 광산구 장신로 308, 1층(신창동 652-21)",35.1918912,126.8434904,2024-04-30
440,주식회사 코코마트 수완점,"광주광역시 광산구 장덕로137번길 17, 수완진아리채상가 107호(수완동 916)",35.19702853,126.8229879,2024-04-30
441,텃밭 신창점,"광주광역시 광산구 신창로71번길 33, 1동 101~103호(신창동 1270)",35.19362671,126.8335172,2024-04-30
442,미니스톱 수완신완점,"광주광역시 광산구 풍영로329번길 51, 상가동 101호(장덕동 1044)",35.20047438,126.8117949,2024-04-30
443,지에스(GS)25 수완사랑점,"광주광역시 광산구 임방울대로 356, 1층 102호(수완동 1077)",35.19166403,126.8244068,2024-04-30
444,지에스25(GS25) 신창지구점,"광주광역시 광산구 신창로 70, 108호 (신창동 1218-1)",35.19151215,126.8373738,2024-04-30
445,빈마켓,"광주광역시 광산구 신창로138번길 15-2, 1층상가(신창동 1140-10)",35.19676169,126.8399902,2024-04-30
446,씨유(CU)수완부영점,"광주광역시 광산구 장덕로6번길 59, 상가동 101호(장덕동 1309)",35.19389625,126.8111199,2024-04-30
447,씨유(CU)광주 보건대점,"광주광역시 광산구 북문대로419번길 24, 1층(신창동 508-24)",35.19316069,126.8478251,2024-04-30
448,세븐일레븐 광주수완 원룸점,광주광역시 광산구 수완로74번길 11-80(수완동 1257),35.19391198,126.8309767,2024-04-30
449,세븐일레븐 광주수완부영,"광주광역시 광산구 풍영로 294-8, 부영애시앙 상가 101호(장덕동 1115)",35.19709747,126.816138,2024-04-30
450,지에스(GS)25 광주보건대점,광주광역시 광산구 북문대로 417(신창동 507-17),35.19351264,126.8486648,2024-04-30
451,이마트24 광주신창원룸점,"광주광역시 광산구 신창로86번길 7, 1층(신창동 1232-16)",35.19295873,126.8379163,2024-04-30
452,골드마트,"광주광역시 광산구 장덕로5번길 16, 골드클래스 상가동 102~104호(장덕동 1046)",35.19770968,126.8112873,2024-04-30
453,주식회사 대광식자재 도매마트,"광주광역시 광산구 장신로 306-7, 1층(신창동)",35.19129901,126.8439086,2024-04-30
454,세븐일레븐 광주장덕사랑점,광주광역시 광산구 장신로20번안길 38(장덕동 1511),35.19046744,126.8113672,2024-04-30
455,GS25 장덕에버,"광주광역시 광산구 풍영로199번길 54, 1층(장덕동 1550)",35.18913991,126.8111844,2024-04-30
456,씨유(CU) 운남6단지점,"광주광역시 광산구 목련로153번길 134, 상가2동 102호(운남동 782-1)",35.17869832,126.8156113,2024-04-30
457,이마트24 수완원룸점,광주광역시 광산구 수완로11번길 9(신가동 1153),35.1861248,126.8280759,2024-04-30
458,세븐일레븐 광주신창유탑점,"광주광역시 광산구 장신로 306-37, 1001호(신창동 1292)",35.18884449,126.8439423,2024-04-30
459,세븐일레븐 광주신창신호점,광주광역시 광산구 장신로 266번길 9. 1층(신창동 1199-8),35.1900532,126.8393204,2024-04-30
460,세븐일레븐 광주흑석이지점,광주광역시 광산구 풍영로101번길 22(흑석동 524),35.1814655,126.811755,2024-04-30
461,지에스25 신가베르힐점,광주광역시 광산구 수등로94번길 30(신가동 1217),35.18207903,126.8189564,2024-04-30
462,씨유편의점(씨유수완해피점),"광주광역시 광산구 수완로74번길 11-4, 1층(수완동 1255)",35.19188897,126.8299375,2024-04-30
463,씨유 신창부영 2차점,"광주광역시 광산구 신창로71번길 33, 상가2동 101, 102호(신창동 1270)",35.19362671,126.8335172,2024-04-30
464,세븐일레븐 광주운남주공점,"광주광역시 광산구 목련로273번안길 34, 상가동 107·108호(운남동 771-5)",35.17782892,126.8229539,2024-04-30
465,세븐일레븐 광주삼성점,광주광역시 광산구 임방울대로 144(운남동 387-37),35.1739732,126.8179118,2024-04-30
466,(주)OK식자재마트,광주광역시 광산구 구촌반촌길 38 (신창동),35.18875455,126.8426994,2024-04-30
467,(주)범총각푸드,광주광역시 광산구 신창로35번길 97(신가동 466-1),35.18658113,126.8342679,2024-04-30
468,한마음새마을금고(운남지점),광주광역시 광산구 목련로273번안길 23(운남동 253),35.17787419,126.8235865,2024-04-30
469,이마트24 self 광주운남리채점,"광주광역시 광산구 목련로273번길 23, 1동 1층 103호(운남동)",35.17458005,126.826297,2024-04-30
470,드림편의점,광주광역시 광산구 도산동 1286-1 (송정서초교 정류장),35.13084906,126.7876387,2024-04-30
471,광산수퍼,광주광역시 광산구 상무대로 122-14(도산동 1286-6),35.13060324,126.7883486,2024-04-30
472,영신마트,광주광역시 광산구 남동길 16(도산동 1298-1),35.1288089,126.7888153,2024-04-30
473,GS25송정도산점,광주광역시 광산구 남동길30번길 35(도산동 1291-6),35.12917661,126.7901358,2024-04-30
474,호반할인마트,"광주광역시 광산구 도산로9번길 40, 도산동호반1차앞(도산동 1295-8)",35.12792489,126.7900863,2024-04-30
475,미니스톱도산점,"광주광역시 광산구 도산로9번길 22, 파랑새볼링장 옆(도산동 1294-10)",35.12858498,126.7907788,2024-04-30
476,청과마트,광주광역시 광산구 도산동 1293-1 (도산동사무소 前) 태평양약국옆,35.12948382,126.7910377,2024-04-30
477,SM마트,"광주광역시 광산구 도산로 21, 도산동우미아파트 앞(도산동 1039-2)",35.13004152,126.7908446,2024-04-30
478,자연엔,"광주광역시 광산구 도산로 4-1, 무등파크정문앞(도산동 1145-17)",35.12884506,126.7921587,2024-04-30
479,해뜰할인마트,"광주광역시 광산구 송도로 152, 인산주유소옆 신호등앞(도산동 766)",35.1282727,126.7925323,2024-04-30
480,주)다담리테일(송정점),"광주광역시 광산구 송도로 164, 호반2차아파트 앞(도산동 773)",35.12924914,126.7933724,2024-04-30
481,금강마트,광주광역시 광산구 송도로182번길 15-3(도산동 829),35.13052246,126.7949479,2024-04-30
482,알리바이공항점,광주광역시 광산구 송도로 262(송정동 258-28),35.13671093,126.7987566,2024-04-30
483,명지마트,"광주광역시 광산구 송도로320번길 11, 명지1차아파트 商家(신촌동 709-2)",35.14133533,126.8029055,2024-04-30
484,뉴나이스마트,"광주광역시 광산구 송도로320번길 16-15, 명지2차아파트 商家(송정동 448-1)",35.14029858,126.803794,2024-04-30
485,씨유(CU) 송정에이스점,"광주광역시 광산구 내상로 73, 공항아파트 前(송정동 555-4)",35.13674679,126.8001687,2024-04-30
486,광영상회,광주광역시 광산구 송도로 271-1(송정동 560-5),35.13772489,126.7991483,2024-04-30
487,파머스마트 송정점,"광주광역시 광산구 내상로 36, 구 광산신협빌딩(송정동 820-6)",35.13856629,126.7966519,2024-04-30
488,BIG마켓,광주광역시 광산구 송정동 809-5(파머스마트 아래 10m),35.13834236,126.7969567,2024-04-30
489,제일고추상회,"광주광역시 광산구 광산로30번길 63, 시장주차장 앞(송정동 684-5)",35.136495,126.797161,2024-04-30
490,중앙상회,"광주광역시 광산구 광산로30번길 17, 공영2주차장앞 4거리(송정동 819-61)",35.13814896,126.7957379,2024-04-30
491,슈퍼마켓자연숲(송정점),"광주광역시 광산구 송정로 49, 1층(송정동 893-48)",35.13538379,126.7964007,2024-04-30
492,세진마트,"광주광역시 광산구 송정로30번길 16, 1층 (송정동 871-8)",35.13567941,126.7935065,2024-04-30
493,전일수퍼,광주광역시 광산구 상도산길21번길 29(도산동 918-1),35.13399063,126.7933517,2024-04-30
494,마운틴종합마트,광주광역시 광산구 도산로 68 (희망이발관 앞),35.13414517,126.7901266,2024-04-30
495,믿음상회,"광주광역시 광산구 도산로 66-1, 희망이발관 앞(송정동 960-7)",35.13405304,126.7901233,2024-04-30
496,상아에이스,광주광역시 광산구 도산신송길 31(송정동 965-1),35.13456872,126.7914336,2024-04-30
497,오피스할인마트,광주광역시 광산구 송정로 5-1(송정동 852-10),35.13737316,126.7922959,2024-04-30
498,미니스톱송정중앙점,"광주광역시 광산구 광산로 30, 새송정떡갈비 맞은편(송정동 843-1)",35.13863252,126.7950356,2024-04-30
499,알리바이,광주광역시 광산구 광산로 53(송정동 795-14),35.1401219,126.7969468,2024-04-30
500,송정푸드마켓,"광주광역시 광산구 광산로 73, 1층(송정동)",35.14124934,126.7986833,2024-04-30
501,빛고을마트,광주광역시 광산구 광산로 91(송정동),35.14205408,126.8004331,2024-04-30
502,평동농협하나로마트,"광주광역시 광산구 평동로800번길 16, 평동파출소 앞(옥동218-1)",35.1243068,126.7606035,2024-04-30
503,세븐일레븐나비점,광주광역시 광산구 송정동 589-5(kt광산지점 맞은편),35.14048498,126.8011909,2024-04-30
504,에덴마트,광주광역시 광산구 용보로27번길 43(송정동 425-17),35.13753998,126.803023,2024-04-30
505,영암마트송정점,광주광역시 광산구 송정로 69 (송정동 227-11),35.13447385,126.7982772,2024-04-30
506,동곡농협하나로마트,광주광역시 광산구 동곡로 161-1(하산동 139-25),35.09799555,126.7741473,2024-04-30
507,1마트,광주광역시 광산구 송촌길 1(송촌동),35.13870556,126.7735807,2024-04-30
508,위드미 광주도산점,광주광역시 광산구 도산로9번길 22,35.12858498,126.7907788,2024-04-30
509,GS25광주송정역점,광주광역시 광산구 송정로 2(송정동 998-6),35.13717603,126.7918728,2024-04-30
510,또또수퍼,광주광역시 광산구 상무대로 247(소촌동 529-77),35.14105977,126.7937983,2024-04-30
511,세븐일레븐 광주평동원룸점,광주광역시 광산구 월전로 6-5(월전동),35.12069178,126.7776318,2024-04-30
512,삼도하나로마트,광주광역시 광산구 상지길 2(도덕동 302-9),35.16218906,126.7025579,2024-04-30
513,미니스톱평동월전점,광주광역시 광산구 월전로 22(월전동 1067),35.12175873,126.7765108,2024-04-30
514,나드리가게,"광주광역시 광산구 선운로2번길 39, 1층(선암동)",35.14637539,126.77347,2024-04-30
515,세븐일레븐영광통,광주광역시 광산구 상무대로 258(송정동 791-12),35.14142088,126.7950341,2024-04-30
516,GS25광주도산점,광주광역시 광산구 도산로9번길 22(도산동 1294-10),35.12858498,126.7907788,2024-04-30
517,씨유평동타운점,광주광역시 광산구 월전로 4-10(월전동 1193),35.12016389,126.7782452,2024-04-30
518,위드미 평동공단,광주광역시 광산구 평동산단로 170-3(월전동),35.12245081,126.7689223,2024-04-30
519,아침해마트,광주광역시 광산구 내상로 40(송정동 809-5),35.13834964,126.7969967,2024-04-30
520,6번가 마트,광주광역시 광산구 월전로 4-2(월전동 1192),35.12017957,126.7779493,2024-04-30
521,장바구니마트,"광주광역시 광산구 상무대로 128-1, 1층(도산동 1279-1)",35.1314823,126.7883268,2024-04-30
522,세븐일레븐라인2호점,광주광역시 광산구 송정로 30(송정동 871-35),35.13590043,126.7943559,2024-04-30
523,알리바이 송정점,광주광역시 광산구 광산로 53(송정동 800-4),35.1401219,126.7969468,2024-04-30
524,GS25 송정나비점,광주광역시 광산구 송도로 307-1(송정동 589-5),35.14048626,126.8012024,2024-04-30
525,세븐일레븐 광주송정KTX1호점,"광주광역시 광산구 상무대로 206, 1층(송정동 1003-77)",35.13760907,126.7919416,2024-04-30
526,송정농협 경제사업장,광주광역시 광산구 광산로68번길 38(송정동 566-3),35.13920916,126.7995878,2024-04-30
527,씨유 평동SK점,광주광역시 광산구 동곡로 510(월전동 2-75),35.12677105,126.7762305,2024-04-30
528,세븐일레븐 평동SB점,"광주광역시 광산구 평동산단로 196-24, 1층 103호(월전동 1217)",35.12412112,126.771056,2024-04-30
529,평동할인마트,광주광역시 광산구 평동로 813(옥동 31-4),35.12471481,126.7632947,2024-04-30
530,이마트24 광주고룡점,"광주광역시 광산구 임곡로 413, 1층 103호(고룡동 1018)",35.20949827,126.7808829,2024-04-30
531,아세안마트,"광주광역시 광산구 월전로 10-40, 세정빌라 101호(월전동 1138)",35.12133495,126.7782,2024-04-30
532,CU광주도산점,"광주광역시 광산구 송도로182번길 16-6, 107호·108호(도산동 832)",35.13001035,126.7943879,2024-04-30
533,지에스(GS25) 뉴평동공단,광주광역시 광산구 평동로913번길 58(월전동 913-3),35.131096,126.7736776,2024-04-30
534,주식회사 영암마트 송정점,"광주광역시 광산구 송정로 87, 1층(송정동 240)",35.13369596,126.8000606,2024-04-30
535,O.K 아시아마트,"광주광역시 광산구 월전로 10-11, 101호(월전동 1090)",35.12125165,126.7776544,2024-04-30
536,미니스톱 평동공단점,광주광역시 광산구 평동산단1번로 157(송촌동 276-11),35.13765883,126.7736362,2024-04-30
537,GS25 광산경찰서점,"광주광역시 광산구 어등대로 537, 1층(운수동 47-4)",35.15230984,126.7819198,2024-04-30
538,에브리마켓,"광주광역시 광산구 평동로1101번길 40, 113동 1층 103·104호(송정동 1516)",35.13702537,126.7871777,2024-04-30
539,이마트24 광주동곡점,"광주광역시 광산구 동곡로 170, 101호(유계동 608-3)",35.09782047,126.7756845,2024-04-30
540,카카오마트,광주광역시 광산구 평동로1120번길 70-22(도산동 980-7),35.13244465,126.7849299,2024-04-30
541,주식회사 거경,광주광역시 광산구 내상로 86(송정동 272-16),35.13572117,126.8014536,2024-04-30
542,외국인마트,광주광역시 광산구 평동로 851(옥동),35.12507291,126.7672428,2024-04-30
543,수수마트,광주광역시 광산구 월전로 4-38(월전동),35.12017725,126.7793926,2024-04-30
544,광주종합유통,광주광역시 광산구 상무대로 308(송정동 711-1),35.14332613,126.7996997,2024-04-30
545,호반수퍼식육점,광주광역시 광산구 송도로162번길 11-6(도산동 782),35.12913314,126.7952893,2024-04-30
546,나나마트,광주광역시 광산구 월전로 22-69(월전동 1184),35.12161155,126.7791736,2024-04-30
547,오케이 할인마트,"광주광역시 광산구 월전로 20, 1층(월전동 1080)",35.12155267,126.7766997,2024-04-30
548,이마트24 광주신도산역점,"광주광역시 광산구 상무대로 136, 1층(송정동 919-8)",35.13192826,126.7884109,2024-04-30
549,GS25 광산구청점,광주광역시 광산구 광산로19번길 11(송정동 840-2),35.13867601,126.7934671,2024-04-30
550,선우평동할인마트,광주광역시 광산구 평동로 749-2(옥동 27-39),35.12647068,126.7566145,2024-04-30
551,주식회사 도음,광주광역시 광산구 광산로 10-8 (송정동),35.13746149,126.7933983,2024-04-30
552,미니스톱 평동스타점,광주광역시 광산구 평동산단7번로 59(연산동),35.11365386,126.754969,2024-04-30
553,세븐일레븐 광주송정제일점,"광주광역시 광산구 송도로 210-1, 1층 (도산동 868-1)",35.1327834,126.7958871,2024-04-30
554,나나마트(옥동점),광주광역시 광산구 평동로 789-3(옥동 233-5),35.12500555,126.7606134,2024-04-30
555,씨유 송정대화점,"광주광역시 광산구 송도로212번길 27, 1층(도산동 877-1)",35.13224089,126.7971337,2024-04-30
556,홈케어서비스연구,"광주광역시 남구 화산로31번안길 2, 117동 107호(진월동)",35.11287126,126.8995346,2024-04-30
557,진곡아시아마트,"광주광역시 광산구 진곡산단2번로 58-7, 103호(오선동 692)",35.20001642,126.7914486,2024-04-30
558,앨리마트,"광주광역시 광산구 월전로 4-30, 1층 101호(월전동 1178)",35.12017447,126.7791542,2024-04-30
559,씨유 송정상아점,"광주광역시 광산구 도산신송길 31, 상가동 113~6호(송정동 965-1)",35.13456872,126.7914336,2024-04-30
560,유한회사 이준 이마트24 광주팔라시오점,"광주광역시 광산구 고봉로 53, 1층 104호(하남동 1198)",35.18197703,126.8012672,2024-04-30
561,씨유(CU) 우산동산점,"광주광역시 광산구 월곡산정로 20-49, 105호(우산동 1572-5)",35.16543664,126.8057354,2024-04-30
562,세븐일레븐 광주빛그린산단점,광주광역시 광산구 빛동2로가길 13(삼거동 840),35.16612502,126.6725101,2024-04-30
563,지에스25 서희센트럴점,"광주광역시 광산구 용아로 436-20, 118동 107~8호(흑석동)",35.18281519,126.8069449,2024-04-30
564,미니스톱 진곡은하점,"광주광역시 광산구 진곡산단중앙로 226, 1층 105호(진곡동 502)",35.20850834,126.7816437,2024-04-30
565,지에스25 첨단미르채점,"광주광역시 광산구 월계로 235-8, 1층 106호 미르채리버파크(쌍암동 694-106)",35.2139672,126.8517965,2024-04-30
566,세븐일레븐 광주월곡금호점,"광주광역시 광산구 월곡반월로 5, 1층(월곡동 610-5)",35.16639579,126.8123787,2024-04-30
567,싸다마트,"광주광역시 광산구 여대길 340, 상가동 101-2호(산정동, 어등산 한양수자인 테라스플러스)",35.16712453,126.7932655,2024-04-30
568,알리바이 하남지식센터점,"광주광역시 광산구 하남산단6번로 57, 상가동 107호(오선동)",35.20253417,126.8010917,2024-04-30
569,CU 광주우산점,"광주광역시 광산구 사암로215번길 103, 1층(우산동)",35.16396002,126.8025966,2024-04-30
570,에스엠마트 내방점(엘에스리테일 주식회사),"광주광역시 서구 내방로306번길 11, 1층(내방동)",35.15640784,126.8740912,2024-04-30
571,미니스톱 광주선운점,"광주광역시 광산구 선운로 34, 상가동 101호(선암동, 선운지구다사로움아파트)",35.14915923,126.7734652,2024-04-30
572,씨유 광주신창원룸점,"광주광역시 광산구 신창로105번길 16-1, 1층(신창동)",35.19504026,126.8368662,2024-04-30
573,아시아마트,광주광역시 광산구 산정공원로82번길 6-1,35.17466732,126.8069591,2024-04-30
574,쿱스토어 광주 수완2호점,광주광역시 광산구 수완로73번길 7(수완동),35.19141182,126.8281031,2024-04-30
575,나나24,"광주광역시 광산구 월전로 22-13, 1층(월전동)",35.12200101,126.7768506,2024-04-30
576,99마트,"광주광역시 광산구 월전로 22-35, 1층(월전동)",35.1226496,126.7778142,2024-04-30
577,디 앨리 마트(The Aelly Mart),광주광역시 광산구 월곡중앙로13번길 8-17(월곡동),35.16845667,126.8104208,2024-04-30
578,이마트24 광주옥동점,광주광역시 광산구 평동로 792(옥동),35.12460255,126.7609315,2024-04-30
579,씨유 하남공원점,"광주광역시 광산구 하남대로54번안길 142, 1층(하남동)",35.17784041,126.800154,2024-04-30
580,이마트24 R평동3차점,"광주광역시 광산구 평동산단연산로 28, 103호(연산동)",35.1126154,126.7558606,2024-04-30
581,주식회사 보라식자재,"광주광역시 광산구 풍영철길로 20-5, 101호(우산동)",35.16334379,126.8133097,2024-04-30
582,지에스25 소촌미소래점,"광주광역시 광산구 소촌로42번길 195, 상가동 103, 104호(소촌동)",35.15505426,126.7979587,2024-04-30
583,씨유 첨단트레비엔점,"광주광역시 광산구 첨단중앙로106번길 25, 상가동 105호(월계동)",35.21529798,126.8442044,2024-04-30
584,세븐일레븐 광주평동센터점,광주광역시 광산구 평동로 801(옥동),35.1246451,126.7619428,2024-04-30
585,씨유 수완아름마을점,"광주광역시 광산구 하남대로261번길 11, 주상가동 104호(신가동)",35.18052622,126.8200147,2024-04-30
586,세우티,광주광역시 광산구 사암로 519(장덕동),35.19054561,126.8094223,2024-04-30
587,씨유 우산 중흥리버티점,"광주광역시 광산구 풍영철길로 20-20, 118동 101-2호(우산동)",35.16154656,126.815177,2024-04-30
588,미니스톱 쌍암에이스점,"광주광역시 광산구 첨단중앙로152번길 76, 1층(쌍암동)",35.21881365,126.8462813,2024-04-30
589,유한회사 인재대양식자재마트,"광주광역시 광산구 어등대로 555, 1층(운수동)",35.15268341,126.7836046,2024-04-30
590,씨유 신창호반5차점,"광주광역시 광산구 왕버들로251번길 27, 상가1동 102-3호(신창동)",35.19762893,126.8353206,2024-04-30
591,세븐일레븐 광주신창왕버들점,"광주광역시 광산구 왕버들로 265, 1층(신창동)",35.19623863,126.8376893,2024-04-30
592,㈜진만 제이에스지점,"광주광역시 광산구 하남울로48번길 4, 101호(흑석동)",35.18441277,126.8025977,2024-04-30
593,세븐일레븐 광주신가사거리점,광주광역시 광산구 하남대로 288(운남동 774-1),35.17876199,126.825056,2024-04-30
594,세븐일레븐 광주소촌농공점,"광주광역시 광산구 소촌로149번길 36-1, 마동 1층(운수동)",35.15766343,126.7867124,2024-04-30
595,지에스25 광주본점,"광주광역시 광산구 첨단중앙로 110, 101호(월계동)",35.21517417,126.8431849,2024-04-30
596,세븐일레븐 광주장덕행복점,"광주광역시 광산구 장덕로40번길 13-2, 1층(장덕동)",35.19439696,126.8136826,2024-04-30
597,옐로우시티 장성로컬푸드직매장,광주광역시 북구 오룡동 949-5,35.22785606,126.8365701,2024-04-30
598,유투(U2) 편의점,"광주광역시 광산구 어등대로 412, 1층(선암동)",35.14903074,126.768718,2024-04-30
599,지에스25 하남에드가점,"광주광역시 광산구 무진대로 229, 105호(우산동, 에드가리움)",35.16233196,126.8057049,2024-04-30
600,지에스25 수완모아엘가점,"광주광역시 광산구 목련로381번길 27, 상가동 109호(신가동, 모아엘가더수완)",35.18159638,126.8308801,2024-04-30
601,롯데프레시 광주하남점,광주광역시 광산구 하남대로 39(하남동),35.18053268,126.7979348,2024-04-30
602,이마트24 SMART광주도산우방점,"광주광역시 광산구 평동로1098번길 185, 111동 1층 101호(도산동)",35.12815313,126.7822794,2024-04-30
603,CU 첨단우미점,"광주광역시 광산구 임방울대로 673-13, 상가동 1층 101호(월계동)",35.21672405,126.8308688,2024-04-30
604,씨유 월계미소점,"광주광역시 광산구 임방울대로 727-6, 상가동 1층 104호(월계동)",35.2183523,126.8384341,2024-04-30
605,씨유 첨단월계점,광주광역시 광산구 첨단중앙로106번길 50(월계동),35.2146029,126.8457114,2024-04-30
606,씨유 수완휴먼시아점,"광주광역시 광산구 하남대로261번길 11, 분산상가동 1층 101,2호(신가동)",35.18052622,126.8200147,2024-04-30
607,CU 장덕미소점,"광주광역시 광산구 풍영로329번길 50, 상가동 103,4호(장덕동)",35.20195491,126.8114293,2024-04-30
608,씨유 운남5단지점,광주광역시 광산구 임방울대로 178-12(운남동),35.17593141,126.8184015,2024-04-30
609,씨유(CU) 신창대광점,"광주광역시 광산구 장신로 306, 상가동 101호(신창동)",35.19111954,126.8434139,2024-04-30
610,씨유 송정중앙점,"광주광역시 광산구 광산로 65, 1층(송정동)",35.14080447,126.7981676,2024-04-30
611,CU 신창프뤼몰점,"광주광역시 광산구 신창로 64, 1층 106호(신창동)",35.19094243,126.8373993,2024-04-30
612,주식회사 와이마트 영무수완점,"광주광역시 광산구 수완로33번길 79, 상가동 101호(수완동)",35.18759681,126.8254373,2024-04-30
613,세븐일레븐 광주월계차니점,광주광역시 광산구 월계로16번길 59(월계동),35.21067768,126.8349679,2024-04-30
614,지에스25 첨단센터점,"광주광역시 광산구 임방울대로826번길 60-2, 1층(월계동)",35.21500538,126.8484504,2024-04-30
615,유한회사 진균,광주광역시 광산구 목련로 231(운남동),35.1734954,126.8231526,2024-04-30
616,지에스25 첨단요양병원점,"광주광역시 광산구 첨단중앙로170번길 54, 1층 101호(쌍암동)",35.22032171,126.8447396,2024-04-30
617,㈜다담리테일(첨단점),광주광역시 광산구 임방울대로825번길 21-10(쌍암동),35.21940291,126.8483226,2024-04-30
618,지에스25 빛그린산단점,"광주광역시 광산구 삼도로 101, 106호(삼거동)",35.16372469,126.6747409,2024-04-30
619,씨유 수완탑점,"광주광역시 광산구 수완로50번길 13, 1층(수완동)",35.18963299,126.8298184,2024-04-30
620,지에스(GS)25 첨단사랑점,광주광역시 광산구 임방울대로800번길 42(월계동),35.2156745,126.8457011,2024-04-30
621,씨유 흑석중흥점,"광주광역시 광산구 풍영로145번길 15, 제상가동 1층 101호(흑석동, 수완2단지중흥에스클래스)",35.18415392,126.8134152,2024-04-30
622,세븐일레븐 광주하남대로점,"광주광역시 광산구 손재로 173, 가동 1층(남쪽끝코너)(하남동)",35.18069205,126.7947754,2024-04-30
623,씨유 산정셀트리움점,"광주광역시 광산구 목련로 42, 상가1동 102-3호(산정동, 산정셀트리움)",35.17239606,126.8021974,2024-04-30
624,씨유 수완피오레점,"광주광역시 광산구 수완로73번길 40, 상가동 102-3호(수완동, 수완대주피오레 6단지)",35.19193995,126.8262876,2024-04-30
625,지에스25 광주해양에너지점,"광주광역시 광산구 손재로287번길 59, L동(하남동, 해양에너지)",35.19053286,126.7915646,2024-04-30
626,씨유 광산우체국점,광주광역시 광산구 사암로171번길 40(우산동),35.16002257,126.8055254,2024-04-30
627,씨유(CU) 광주선운원룸점,"광주광역시 광산구 선운중앙로67번길 26, 1층(선암동)",35.15029602,126.7804176,2024-04-30
628,씨유 수완포유점,"광주광역시 광산구 풍영로170번길 39-9, 상가동 1층 101호(장덕동, 성덕마을새한포유)",35.1874519,126.814713,2024-04-30
629,세븐일레븐 광주비아중흥점,"광주광역시 광산구 비아안길 29, 1층(비아동)",35.22079295,126.8177797,2024-04-30
630,씨유 첨단우리점,"광주광역시 광산구 월계로150번길 30, 1층(월계동)",35.21194301,126.8416585,2024-04-30
631,씨유 첨단동부점,"광주광역시 광산구 첨단중앙로 201, 상가동 101호(월계동)",35.22285456,126.8401467,2024-04-30
632,어 뉴 마트,"광주광역시 광산구 월전로 10-6, 1층 전체(월전동)",35.12081486,126.7774609,2024-04-30
633,세븐일레븐 광주장덕대방점,광주광역시 광산구 풍영로200번길 59(장덕동),35.18989058,126.817433,2024-04-30
634,세븐일레븐 광주선운원룸점,광주광역시 광산구 선운로20번길 56(선암동),35.14662187,126.7766555,2024-04-30
635,세븐일레븐 광주소촌이지점,"광주광역시 광산구 소촌로152번길 11, 상가동 101-2호(소촌동)",35.15914231,126.7934387,2024-04-30
636,세븐일레븐 광주우산아제점,"광주광역시 광산구 사암로106번길 57, 1층(우산동)",35.15378176,126.8104224,2024-04-30
637,세븐일레븐 신가목련점,광주광역시 광산구 목련로394번길 42(신가동),35.1836196,126.8348339,2024-04-30
638,세븐일레븐 광주우산5호점,광주광역시 광산구 사암로216번길 38-12(우산동),35.16282453,126.810357,2024-04-30
639,단원마트,광주광역시 광산구 풍영로329번길 50(장덕동),35.20195491,126.8114293,2024-04-30
640,지에스25(GS25) 신가중흥점,"광주광역시 광산구 목련로382번길 114-1, 104동 1층 4호(신창동)",35.18040976,126.8382182,2024-04-30
641,세븐일레븐 광주비아도천점,광주광역시 광산구 임방울대로 611-5(도천동),35.21223012,126.8269294,2024-04-30
642,세븐일레븐 광주신창호반점,"광주광역시 광산구 신창로131번길 9, 109호(신창동, 자선빌딩)",35.1970193,126.8380315,2024-04-30
643,세븐일레븐 광주첨단병원점,"광주광역시 광산구 첨단중앙로170번길 59, 1층(쌍암동, 광주첨단병원)",35.22110389,126.8452961,2024-04-30
644,씨유 소촌송광점,"광주광역시 광산구 어등대로647번길 32, 상가동 1,2호(소촌동, 송광파크맨션)",35.14511881,126.7933398,2024-04-30
645,지에스25 수완예미지점,"광주광역시 광산구 하남산단1번로 61, 142호(하남동, 예미지파크힐스)",35.18635861,126.80155,2024-04-30
646,지에스25 첨단메트로점,"광주광역시 광산구 임방울대로 773, 109호(쌍암동, 첨단한국아델리움메트로시티)",35.21825035,126.8431529,2024-04-30
647,세븐일레븐 광주하남산단점,광주광역시 광산구 손재로 458(오선동),35.20656742,126.7953472,2024-04-30
648,유한회사 장보고푸드,"광주광역시 광산구 목련로381번길 25, 101호(신가동)",35.18242559,126.8313123,2024-04-30
649,지에스25 광주보훈병원점,"광주광역시 광산구 첨단중앙로68번길 134, 상가1동 109호(산월동)",35.20913989,126.8507344,2024-04-30
650,세븐일레븐 광주수완미래점,"광주광역시 광산구 장신로 175, 1층(수완동)",35.19086158,126.829406,2024-04-30
651,성오종합유통,광주광역시 광산구 내상로 53(송정동),35.13770116,126.7982649,2024-04-30
652,임페리아푸드,"광주광역시 광산구 산정공원로 6, 1층(월곡동)",35.16924277,126.8083747,2024-04-30
653,㈜디제이코퍼레이션,"광주광역시 광산구 산정공원로81번길 30-20, 1층(산정동)",35.17575969,126.8051115,2024-04-30
654,세븐일레븐 광주산정대덕점,"광주광역시 광산구 산정공원로81번길 36, 1층(산정동)",35.17509864,126.8044981,2024-04-30
655,세계로정육할인마트,"광주광역시 광산구 비아동원촌길 83, 103호(비아동)",35.22159147,126.8290403,2024-04-30
656,이마트24 광주돈보스코점,광주광역시 광산구 고봉로 130(하남동),35.18469325,126.7940336,2024-04-30
657,지에스25 하남우체국점,"광주광역시 광산구 하남산단4번로 172, 1층(장덕동)",35.19069892,126.8090153,2024-04-30
658,세븐일레븐 광주평동역점,"광주광역시 광산구 평동산단로 192, 1층(월전동)",35.12397823,126.7685282,2024-04-30
659,씨유 하남3지구점,"광주광역시 광산구 고봉로 96, 1층(하남동)",35.18344541,126.7971828,2024-04-30
660,씨스페이스 광주도산점,"광주광역시 광산구 송도로 151-1, 1층(도산동)",35.12857272,126.7920892,2024-04-30
661,세븐일레븐 광주진곡골드팰리스점,"광주광역시 광산구 임곡로 425-7, 1층 101호(고룡동)",35.21024414,126.7815794,2024-04-30
662,세븐일레븐 광주광산환영점,광주광역시 광산구 사암로 823(도천동),35.21550531,126.820769,2024-04-30
663,가족마트,"광주광역시 광산구 월전로 22-29, 1층(월전동)",35.12253914,126.7775943,2024-04-30
664,이마트24 광주신창대라수점,"광주광역시 광산구 장신로 326, 110동 B13~14호",35.1926474,126.8449321,2024-04-30
665,주식회사 오픈박스광주첨단점,광주광역시 광산구 북문대로 431(신창동),35.19394601,126.8472991,2024-04-30
666,씨유 하남중앙점,"광주광역시 광산구 고봉로 67, 1층(하남동)",35.18193332,126.7997919,2024-04-30
667,지에스(GS)25 진곡센터점,광주광역시 광산구 진곡산단5번로 57-23(진곡동),35.21006467,126.7834825,2024-04-30
668,광장마트,광주광역시 광산구 북문대로 354(신창동),35.1910095,126.8541782,2024-04-30
669,유한회사 효덕개발,"광주광역시 남구 서문대로749번마길 30, 상가동 101호(진월동)",35.12306743,126.8929218,2024-04-30
670,지에스25 월곡센터점,광주광역시 광산구 산정공원로 76(월곡동),35.17423357,126.8064977,2024-04-30
671,씨유 호남대3호관점,"광주광역시 광산구 호남대길 75, 지하1층(서봉동)",35.15184231,126.7676604,2024-04-30
672,세븐일레븐 신창삼능점,"광주광역시 광산구 신창로 20, 삼능아파트 상가동 101-2호(신창동)",35.18692863,126.8380201,2024-04-30
673,씨유(CU) 첨단대라수점,"광주광역시 광산구 첨단중앙로182번길 90, 상가동 1층 112호(쌍암동)",35.22135828,126.8511384,2024-04-30
674,지에스25 우산리버힐점,"광주광역시 광산구 우산로 50, 1층(우산동)",35.1579552,126.8060207,2024-04-30
675,씨유 광주어등점,"광주광역시 광산구 여대길 303, 상가동 1층 101호(산정동)",35.16665261,126.7939742,2024-04-30
676,이마트24 하남3지구점,광주광역시 광산구 하남마항로29번길 26(하남동),35.18398059,126.7976375,2024-04-30
677,주안수퍼,"광주광역시 광산구 상무대로 137-2, 상가동 1층 105호(송정동)",35.1339369,126.7884376,2024-04-30
678,장보고싶은마트 목련점,"광주광역시 광산구 목련로 41, 상가동 1층(산정동)",35.17518674,126.8021355,2024-04-30
679,이마트24 산정태양점,"광주광역시 광산구 산정공원로59번길 40, 1층(산정동)",35.1730663,126.8040778,2024-04-30
680,지에스25 수완지구점,"광주광역시 광산구 장신로 176, 101호(수완동)",35.19044785,126.8293346,2024-04-30
681,지에스25 송정더마켓점,"광주광역시 광산구 광산로20번길 31, 1층(송정동)",35.13704185,126.7954646,2024-04-30
682,지에스25 우산센터점,"광주광역시 광산구 우산로96번길 82, 1층(우산동)",35.15269067,126.8104243,2024-04-30
683,한가람유지,광주광역시 광산구 임방울대로 142-12,35.17200663,126.8194865,2024-04-30
684,세븐일레븐 광주교통방송점,광주광역시 광산구 첨단중앙로182번길 46,35.22165518,126.8462315,2024-04-30
685,하남 고기마트&청과야채도소매,광주광역시 광산구 손재로110번길 27,35.17622811,126.7985486,2024-04-30
686,지에스25 광산스테이점,"광주광역시 광산구 무진대로211번길 16,1층(우산동)",35.1630926,126.8040716,2024-04-30
687,오피스알파 광주첨단,광주광역시 광산구 산월로 13(월계동),35.20905676,126.8387695,2024-04-30
688,팜스로컬푸드마켓 주식회사,광주광역시 광산구 풍영로200번길 21(장덕동),35.18937158,126.8155965,2024-04-30
689,FM마트 산정,"광주광역시 광산구 목련로 73-1,1층(산정동)",35.17250361,126.8059402,2024-04-30
690,지에스25 수완아울렛점,"광주광역시 광산구 풍영로 200번길 81, 1층",35.18985927,126.8187274,2024-04-30
691,지에스25 수완아울렛점,"광주광역시 광산구 광산구 풍영로 200번길 81, 1층",35.18985927,126.8187274,2024-04-30
692,지에스25 도산빌리지점,광주광역시 광산구 광산구 송도로182번길 15-3,35.13052246,126.7949479,2024-04-30
693,하남마트,광주광역시 광산구 광산구 무진대로231번길 29-13(우산동 1577-3),35.16342573,126.8052927,2024-04-30
694,씨유 첨단호반1차점,"광주광역시 광산구 광산구 월계로 117-35, 상가동 101~1012호",35.21608459,126.8374175,2024-04-30
